Date,Price
15-Apr-08,110.84
16-Apr-08,110.95
17-Apr-08,111.34
18-Apr-08,110.67
21-Apr-08,111.35
22-Apr-08,113.54
23-Apr-08,115.34
24-Apr-08,114.85
25-Apr-08,116.62
28-Apr-08,115.7
29-Apr-08,113.86
30-Apr-08,111.12
1-May-08,107.3
2-May-08,111.92
5-May-08,115.68
6-May-08,119.88
7-May-08,120.27
8-May-08,119.85
9-May-08,123.54
12-May-08,122.89
13-May-08,123.11
14-May-08,121.18
15-May-08,122.76
16-May-08,122.98
19-May-08,122.19
20-May-08,124.12
21-May-08,127.28
22-May-08,129.04
23-May-08,129.72
27-May-08,128.92
28-May-08,128.93
29-May-08,129.33
30-May-08,127.85
2-Jun-08,128.5
3-Jun-08,126.28
4-Jun-08,121.72
5-Jun-08,122.36
6-Jun-08,132.81
9-Jun-08,134.43
10-Jun-08,135.24
11-Jun-08,134.52
12-Jun-08,132.11
13-Jun-08,134.29
16-Jun-08,133.9
17-Jun-08,131.27
18-Jun-08,129.12
19-Jun-08,131.84
20-Jun-08,134.28
23-Jun-08,134.54
24-Jun-08,135.37
25-Jun-08,131.59
26-Jun-08,136.82
27-Jun-08,139.38
30-Jun-08,138.4
1-Jul-08,140.67
2-Jul-08,141.24
3-Jul-08,143.95
7-Jul-08,139.62
8-Jul-08,134.15
9-Jul-08,133.91
10-Jul-08,135.81
11-Jul-08,143.68
14-Jul-08,142.43
15-Jul-08,136.02
16-Jul-08,133.31
17-Jul-08,134.16
18-Jul-08,129.34
21-Jul-08,129.34
22-Jul-08,127.18
23-Jul-08,126.86
24-Jul-08,125.43
25-Jul-08,124.7
28-Jul-08,125.67
29-Jul-08,125.77
30-Jul-08,122.46
31-Jul-08,124.1
1-Aug-08,124.16
4-Aug-08,121.87
5-Aug-08,116.5
6-Aug-08,114.47
7-Aug-08,116.94
8-Aug-08,113.03
11-Aug-08,110.54
12-Aug-08,108.98
13-Aug-08,110.68
14-Aug-08,111.82
15-Aug-08,108.8
18-Aug-08,109.33
19-Aug-08,109.02
20-Aug-08,108.72
21-Aug-08,117.24
22-Aug-08,113.99
25-Aug-08,109.74
26-Aug-08,112.2
27-Aug-08,113.05
28-Aug-08,113.54
29-Aug-08,113.49
2-Sep-08,104.94
3-Sep-08,103.88
4-Sep-08,103.41
5-Sep-08,102.51
8-Sep-08,101.08
9-Sep-08,98.94
10-Sep-08,96
11-Sep-08,96.01
12-Sep-08,94.37
15-Sep-08,90.45
16-Sep-08,85.85
17-Sep-08,86.09
18-Sep-08,90.89
19-Sep-08,93.46
22-Sep-08,100.43
23-Sep-08,100.72
24-Sep-08,102.09
25-Sep-08,100.45
26-Sep-08,100.88
29-Sep-08,95.96
30-Sep-08,93.52
1-Oct-08,92.19
2-Oct-08,88.88
3-Oct-08,88.95
6-Oct-08,84.71
7-Oct-08,83.17
8-Oct-08,80.77
9-Oct-08,81.65
10-Oct-08,74.58
13-Oct-08,74.37
14-Oct-08,74.98
15-Oct-08,66.86
16-Oct-08,64.14
17-Oct-08,66.05
20-Oct-08,67.45
21-Oct-08,65.99
22-Oct-08,62.95
23-Oct-08,65.06
24-Oct-08,60.57
27-Oct-08,59.34
28-Oct-08,58.87
29-Oct-08,64
30-Oct-08,60.86
31-Oct-08,60
3-Nov-08,60.32
4-Nov-08,62.78
5-Nov-08,61.09
6-Nov-08,56.14
7-Nov-08,56.84
10-Nov-08,57.08
11-Nov-08,54.76
12-Nov-08,52.47
13-Nov-08,51.32
14-Nov-08,50.7
17-Nov-08,50.82
18-Nov-08,49.1
19-Nov-08,48.35
20-Nov-08,45.79
21-Nov-08,44.91
24-Nov-08,49.51
25-Nov-08,47.51
26-Nov-08,49.39
28-Nov-08,47.72
1-Dec-08,47.58
2-Dec-08,45.64
3-Dec-08,44.39
4-Dec-08,43.83
5-Dec-08,37.04
8-Dec-08,40.02
9-Dec-08,39.77
10-Dec-08,39.34
11-Dec-08,43.54
12-Dec-08,42.38
15-Dec-08,45.02
16-Dec-08,42
17-Dec-08,41.84
18-Dec-08,40.19
19-Dec-08,39.52
22-Dec-08,38.08
23-Dec-08,35.27
24-Dec-08,34.45
26-Dec-08,33.73
29-Dec-08,34.16
30-Dec-08,35.22
31-Dec-08,35.82
2-Jan-09,42.94
5-Jan-09,45.84
6-Jan-09,48.89
7-Jan-09,46.23
8-Jan-09,42.94
9-Jan-09,42.34
12-Jan-09,40.86
13-Jan-09,43.05
14-Jan-09,42.27
15-Jan-09,42.32
16-Jan-09,43.42
20-Jan-09,41.22
21-Jan-09,39.9
22-Jan-09,42.42
23-Jan-09,43.13
26-Jan-09,48
27-Jan-09,42.86
28-Jan-09,42.86
29-Jan-09,43.13
30-Jan-09,44.17
2-Feb-09,42.96
3-Feb-09,43.15
4-Feb-09,43.68
5-Feb-09,43.92
6-Feb-09,44.49
9-Feb-09,47.23
10-Feb-09,45.88
11-Feb-09,44.24
12-Feb-09,47.23
13-Feb-09,43.36
17-Feb-09,39.69
18-Feb-09,39.41
19-Feb-09,42.36
20-Feb-09,42.19
23-Feb-09,41.27
24-Feb-09,40.18
25-Feb-09,42.37
26-Feb-09,45.15
27-Feb-09,44.41
2-Mar-09,42.6
3-Mar-09,42.72
4-Mar-09,46.07
5-Mar-09,44.45
6-Mar-09,43.48
9-Mar-09,44.55
10-Mar-09,44.99
11-Mar-09,43.2
12-Mar-09,42.19
13-Mar-09,44.97
16-Mar-09,44.12
17-Mar-09,45.53
18-Mar-09,45.22
19-Mar-09,48.03
20-Mar-09,49.27
23-Mar-09,51.84
24-Mar-09,51.32
25-Mar-09,51.46
26-Mar-09,51.89
27-Mar-09,50.81
30-Mar-09,49.05
31-Mar-09,46.13
1-Apr-09,45.92
2-Apr-09,50.89
3-Apr-09,50.48
6-Apr-09,50.91
7-Apr-09,50.62
8-Apr-09,52.06
9-Apr-09,52.33
13-Apr-09,50.73
14-Apr-09,52.06
15-Apr-09,51.31
16-Apr-09,51.83
17-Apr-09,52.02
20-Apr-09,49.06
21-Apr-09,48.69
22-Apr-09,48.5
23-Apr-09,48.29
24-Apr-09,50.29
27-Apr-09,48.67
28-Apr-09,48.64
29-Apr-09,50.22
30-Apr-09,50.3
1-May-09,51.75
4-May-09,53.26
5-May-09,53.16
6-May-09,55.07
7-May-09,56.63
8-May-09,56.02
11-May-09,55.99
12-May-09,56.52
13-May-09,56.84
14-May-09,56.25
15-May-09,56.33
18-May-09,56.51
19-May-09,57.12
20-May-09,59.1
21-May-09,58.02
22-May-09,58.7
26-May-09,59.05
27-May-09,61.28
28-May-09,63.47
29-May-09,64.98
1-Jun-09,66.6
2-Jun-09,67.67
3-Jun-09,66.15
4-Jun-09,67.68
5-Jun-09,67.77
8-Jun-09,67.61
9-Jun-09,68.94
10-Jun-09,70.52
11-Jun-09,71.71
12-Jun-09,70.62
15-Jun-09,68.49
16-Jun-09,70.52
17-Jun-09,68.95
18-Jun-09,69.96
19-Jun-09,70.48
22-Jun-09,66.13
23-Jun-09,66.36
24-Jun-09,68.47
25-Jun-09,68.82
26-Jun-09,68.1
29-Jun-09,69.75
30-Jun-09,68.11
1-Jul-09,68.52
2-Jul-09,65.74
6-Jul-09,63.12
7-Jul-09,61.54
8-Jul-09,59.71
9-Jul-09,59.17
10-Jul-09,58.43
13-Jul-09,58.25
14-Jul-09,60.48
15-Jul-09,61.25
16-Jul-09,62.02
17-Jul-09,63.54
20-Jul-09,64.64
21-Jul-09,65.93
22-Jul-09,65.36
23-Jul-09,68.06
24-Jul-09,68.82
27-Jul-09,69.78
28-Jul-09,68.53
29-Jul-09,65.79
30-Jul-09,68.82
31-Jul-09,70.08
3-Aug-09,72.9
4-Aug-09,73.82
5-Aug-09,74.39
6-Aug-09,74.61
7-Aug-09,74.21
10-Aug-09,73.79
11-Aug-09,71.58
12-Aug-09,74.03
13-Aug-09,73.76
14-Aug-09,71.33
17-Aug-09,68.65
18-Aug-09,68.66
19-Aug-09,72.81
20-Aug-09,73.75
21-Aug-09,73.71
24-Aug-09,74.34
25-Aug-09,73.1
26-Aug-09,70.74
27-Aug-09,70.68
28-Aug-09,72.8
31-Aug-09,69.02
1-Sep-09,68.78
2-Sep-09,67.6
3-Sep-09,66.78
4-Sep-09,65.84
8-Sep-09,69.2
9-Sep-09,69.76
10-Sep-09,68.96
11-Sep-09,68.76
14-Sep-09,66.91
15-Sep-09,66.53
16-Sep-09,68.51
17-Sep-09,71.56
18-Sep-09,70.72
21-Sep-09,68.11
22-Sep-09,69.65
23-Sep-09,67.43
24-Sep-09,64.99
25-Sep-09,64.6
28-Sep-09,65.43
29-Sep-09,64.63
30-Sep-09,65.82
1-Oct-09,67.12
2-Oct-09,66.5
5-Oct-09,65.26
6-Oct-09,68.51
7-Oct-09,67.65
8-Oct-09,68.47
9-Oct-09,69.45
12-Oct-09,70.75
13-Oct-09,70.81
14-Oct-09,72.16
15-Oct-09,73.14
16-Oct-09,74.58
19-Oct-09,75.86
20-Oct-09,76.51
21-Oct-09,77.74
22-Oct-09,78.36
23-Oct-09,77.72
26-Oct-09,76.45
27-Oct-09,76.69
28-Oct-09,75.11
29-Oct-09,77.18
30-Oct-09,74.91
2-Nov-09,75.56
3-Nov-09,75.68
4-Nov-09,78.21
5-Nov-09,78.02
6-Nov-09,75.51
9-Nov-09,77.18
10-Nov-09,77.07
11-Nov-09,76.99
12-Nov-09,75.18
13-Nov-09,74.81
16-Nov-09,77.14
17-Nov-09,77.36
18-Nov-09,78.64
19-Nov-09,76.45
20-Nov-09,75.61
23-Nov-09,78.14
24-Nov-09,75.35
25-Nov-09,76.57
27-Nov-09,76
30-Nov-09,77.77
1-Dec-09,78.68
2-Dec-09,76.96
3-Dec-09,77.76
4-Dec-09,77.74
7-Dec-09,76.18
8-Dec-09,74.93
9-Dec-09,73.63
10-Dec-09,70.91
11-Dec-09,70.07
14-Dec-09,71.19
15-Dec-09,71.33
16-Dec-09,73.34
17-Dec-09,71.28
18-Dec-09,71.87
21-Dec-09,72.74
22-Dec-09,71.64
23-Dec-09,73.87
24-Dec-09,75.15
28-Dec-09,76.59
29-Dec-09,76.65
30-Dec-09,77.62
31-Dec-09,77.91
4-Jan-10,79.05
5-Jan-10,79.27
6-Jan-10,80.14
7-Jan-10,80.57
8-Jan-10,80.06
11-Jan-10,80.14
12-Jan-10,79.38
13-Jan-10,77.57
14-Jan-10,77.61
15-Jan-10,76.85
19-Jan-10,75.18
20-Jan-10,75.09
21-Jan-10,74.13
22-Jan-10,72.73
25-Jan-10,72.18
26-Jan-10,72.63
27-Jan-10,72.75
28-Jan-10,70.65
29-Jan-10,71.2
1-Feb-10,71.58
2-Feb-10,73.94
3-Feb-10,75.77
4-Feb-10,71.3
5-Feb-10,70.11
8-Feb-10,69.62
9-Feb-10,70.4
10-Feb-10,70.4
11-Feb-10,72.35
12-Feb-10,71.49
16-Feb-10,74.82
17-Feb-10,74.89
18-Feb-10,76.61
19-Feb-10,76.88
22-Feb-10,76.95
23-Feb-10,76.44
24-Feb-10,77
25-Feb-10,74.38
26-Feb-10,76.36
1-Mar-10,76.07
2-Mar-10,77.5
3-Mar-10,78.66
4-Mar-10,77.88
5-Mar-10,79.2
8-Mar-10,78.94
9-Mar-10,78.77
10-Mar-10,80.29
11-Mar-10,79.44
12-Mar-10,79.38
15-Mar-10,77.08
16-Mar-10,79.45
17-Mar-10,80.28
18-Mar-10,80.09
19-Mar-10,78.37
22-Mar-10,78.09
23-Mar-10,79.17
24-Mar-10,78.03
25-Mar-10,78.64
26-Mar-10,77.98
29-Mar-10,79.89
30-Mar-10,79.46
31-Mar-10,80.37
1-Apr-10,82.63
5-Apr-10,84.48
6-Apr-10,85.05
7-Apr-10,84.49
8-Apr-10,82.63
9-Apr-10,82.77
12-Apr-10,85.21
13-Apr-10,83.44
14-Apr-10,85.81
15-Apr-10,86.9
16-Apr-10,84.81
19-Apr-10,83.09
20-Apr-10,84.73
21-Apr-10,84.55
22-Apr-10,84.58
23-Apr-10,86.09
26-Apr-10,86.72
27-Apr-10,85.59
28-Apr-10,84.59
29-Apr-10,86.82
30-Apr-10,86.19
3-May-10,88.09
4-May-10,85.39
5-May-10,82.31
6-May-10,80.21
7-May-10,76.48
10-May-10,78.08
11-May-10,79
12-May-10,78.7
13-May-10,79.41
14-May-10,76.43
17-May-10,73.87
18-May-10,75.12
19-May-10,71.86
20-May-10,69.56
21-May-10,70.45
24-May-10,69.62
25-May-10,67.18
26-May-10,70.59
27-May-10,73.56
28-May-10,73
1-Jun-10,73.08
2-Jun-10,72.78
3-Jun-10,73.12
4-Jun-10,71.84
7-Jun-10,71.09
8-Jun-10,71.43
9-Jun-10,73.68
10-Jun-10,74.33
11-Jun-10,73.28
14-Jun-10,75.11
15-Jun-10,75.29
16-Jun-10,76.12
17-Jun-10,77.52
18-Jun-10,77.05
21-Jun-10,78.53
22-Jun-10,78.08
23-Jun-10,75.22
24-Jun-10,75.17
25-Jun-10,76.21
28-Jun-10,76.66
29-Jun-10,74.21
30-Jun-10,74.94
1-Jul-10,71.73
2-Jul-10,71.75
6-Jul-10,73.08
7-Jul-10,72.97
8-Jul-10,74.56
9-Jul-10,75.2
12-Jul-10,74.35
13-Jul-10,76.45
14-Jul-10,76.63
15-Jul-10,75.52
16-Jul-10,75.55
19-Jul-10,76.29
20-Jul-10,76.31
21-Jul-10,75.75
22-Jul-10,77.59
23-Jul-10,77.27
26-Jul-10,77.9
27-Jul-10,75.52
28-Jul-10,76.66
29-Jul-10,78.6
30-Jul-10,77.5
2-Aug-10,81.93
3-Aug-10,83.6
4-Aug-10,83.76
5-Aug-10,82.9
6-Aug-10,81.28
9-Aug-10,81.54
10-Aug-10,79.89
11-Aug-10,77.83
12-Aug-10,76.63
13-Aug-10,75.14
16-Aug-10,74.56
17-Aug-10,76.74
18-Aug-10,75.1
19-Aug-10,74.84
20-Aug-10,73.48
23-Aug-10,73.08
24-Aug-10,70.61
25-Aug-10,70.74
26-Aug-10,74.5
27-Aug-10,75.16
30-Aug-10,76.05
31-Aug-10,75.51
1-Sep-10,75.53
2-Sep-10,74.93
3-Sep-10,75.03
7-Sep-10,75.78
8-Sep-10,77.48
9-Sep-10,77.87
10-Sep-10,77.54
13-Sep-10,78.52
14-Sep-10,78.89
15-Sep-10,78.46
16-Sep-10,78.89
17-Sep-10,77.43
20-Sep-10,79.42
21-Sep-10,78.76
22-Sep-10,77.29
23-Sep-10,77.69
24-Sep-10,78.73
27-Sep-10,77.71
28-Sep-10,79.14
29-Sep-10,78.79
30-Sep-10,80.77
1-Oct-10,82.69
4-Oct-10,83.42
5-Oct-10,83.35
6-Oct-10,85.01
7-Oct-10,83.67
8-Oct-10,83.88
11-Oct-10,83.08
12-Oct-10,82.99
13-Oct-10,84.01
14-Oct-10,83.55
15-Oct-10,81.94
18-Oct-10,82.3
19-Oct-10,81.12
20-Oct-10,81.68
21-Oct-10,81.28
22-Oct-10,80.75
25-Oct-10,81.91
26-Oct-10,82.62
27-Oct-10,81.27
28-Oct-10,82.97
29-Oct-10,82.47
1-Nov-10,84.06
2-Nov-10,84.71
3-Nov-10,85.33
4-Nov-10,86.83
5-Nov-10,87.05
8-Nov-10,87.15
9-Nov-10,87.93
10-Nov-10,87.92
11-Nov-10,88.08
12-Nov-10,86.07
15-Nov-10,85.49
16-Nov-10,83.98
17-Nov-10,83.36
18-Nov-10,83.7
19-Nov-10,83.17
22-Nov-10,82.34
23-Nov-10,82.37
24-Nov-10,84.53
26-Nov-10,84.78
29-Nov-10,85.9
30-Nov-10,86.02
1-Dec-10,88.56
2-Dec-10,89.37
3-Dec-10,90.65
6-Dec-10,91.25
7-Dec-10,90.78
8-Dec-10,89.74
9-Dec-10,89.93
10-Dec-10,89.54
13-Dec-10,90.4
14-Dec-10,90.63
15-Dec-10,91.33
16-Dec-10,91.09
17-Dec-10,91.11
20-Dec-10,91.31
21-Dec-10,93.11
22-Dec-10,93.55
23-Dec-10,93.63
27-Dec-10,93.08
28-Dec-10,93.52
29-Dec-10,93.52
30-Dec-10,92.5
31-Dec-10,93.23
3-Jan-11,95.82
4-Jan-11,93.52
5-Jan-11,95.07
6-Jan-11,94.95
7-Jan-11,94.25
10-Jan-11,95.05
11-Jan-11,96.8
12-Jan-11,97.86
13-Jan-11,97.86
14-Jan-11,97.86
18-Jan-11,97.83
19-Jan-11,98.42
20-Jan-11,96.27
21-Jan-11,96.84
24-Jan-11,96.76
25-Jan-11,96.76
26-Jan-11,96.04
27-Jan-11,96.48
28-Jan-11,97.06
31-Jan-11,98.97
1-Feb-11,100.4
2-Feb-11,101.3
3-Feb-11,101.69
4-Feb-11,99.43
7-Feb-11,99.44
8-Feb-11,99.25
9-Feb-11,100.16
10-Feb-11,100.74
11-Feb-11,99.93
14-Feb-11,103.12
15-Feb-11,102.48
16-Feb-11,102.78
17-Feb-11,103.45
18-Feb-11,102.2
22-Feb-11,106.82
23-Feb-11,109.77
24-Feb-11,113.91
25-Feb-11,111.47
28-Feb-11,112.27
1-Mar-11,113.34
2-Mar-11,116.89
3-Mar-11,114.42
4-Mar-11,115.71
7-Mar-11,116.58
8-Mar-11,112.32
9-Mar-11,115.19
10-Mar-11,114.07
11-Mar-11,114.07
14-Mar-11,112.95
15-Mar-11,111.11
16-Mar-11,110.96
17-Mar-11,114.18
18-Mar-11,114.13
21-Mar-11,114.92
22-Mar-11,115.63
23-Mar-11,115.65
24-Mar-11,115.41
25-Mar-11,115.45
28-Mar-11,115.95
29-Mar-11,115.58
30-Mar-11,115.35
31-Mar-11,116.94
1-Apr-11,118.63
4-Apr-11,120.07
5-Apr-11,122.87
6-Apr-11,123.01
7-Apr-11,122.9
8-Apr-11,126.3
11-Apr-11,126.46
12-Apr-11,121.33
13-Apr-11,122.7
14-Apr-11,122.74
15-Apr-11,124.63
18-Apr-11,121.69
19-Apr-11,121.35
20-Apr-11,124.26
21-Apr-11,123.64
26-Apr-11,124.55
27-Apr-11,124.94
28-Apr-11,126.59
2-May-11,126.64
3-May-11,124.01
4-May-11,121.55
5-May-11,111.93
6-May-11,113.69
9-May-11,113.21
10-May-11,117.82
11-May-11,115.66
12-May-11,112.87
13-May-11,113.08
16-May-11,113.72
17-May-11,109.39
18-May-11,112.54
19-May-11,113.2
20-May-11,111.25
23-May-11,110.13
24-May-11,112.52
25-May-11,114.47
26-May-11,115.06
27-May-11,114.85
31-May-11,117.18
1-Jun-11,116.15
2-Jun-11,114.3
3-Jun-11,115.09
6-Jun-11,115.4
7-Jun-11,116.14
8-Jun-11,118.43
9-Jun-11,119.95
10-Jun-11,118.71
13-Jun-11,120.49
14-Jun-11,120.35
15-Jun-11,114.67
16-Jun-11,114.69
17-Jun-11,113.74
20-Jun-11,112.21
21-Jun-11,112.02
22-Jun-11,113.59
23-Jun-11,108.27
24-Jun-11,104.79
27-Jun-11,104.57
28-Jun-11,107.57
29-Jun-11,111.49
30-Jun-11,111.71
1-Jul-11,109.82
5-Jul-11,113.21
6-Jul-11,113.55
7-Jul-11,117.4
8-Jul-11,117.4
11-Jul-11,117.35
12-Jul-11,117.36
13-Jul-11,118.46
14-Jul-11,117.38
15-Jul-11,118.06
18-Jul-11,117.05
19-Jul-11,118.18
20-Jul-11,118.52
21-Jul-11,118.25
22-Jul-11,118.99
25-Jul-11,118.27
26-Jul-11,118.14
27-Jul-11,117.99
28-Jul-11,118.16
29-Jul-11,115.93
1-Aug-11,116.37
2-Aug-11,116.02
3-Aug-11,113.74
4-Aug-11,110.22
5-Aug-11,106.92
8-Aug-11,103.06
9-Aug-11,103.63
10-Aug-11,103.84
11-Aug-11,107.82
12-Aug-11,108.17
15-Aug-11,108.89
16-Aug-11,109.69
17-Aug-11,111.37
18-Aug-11,108.36
19-Aug-11,109.37
22-Aug-11,108.83
23-Aug-11,110.35
24-Aug-11,111.91
25-Aug-11,111.91
26-Aug-11,112.29
30-Aug-11,115.59
31-Aug-11,116.48
1-Sep-11,116.43
2-Sep-11,115.92
6-Sep-11,113.29
7-Sep-11,117.5
8-Sep-11,117.99
9-Sep-11,115.1
12-Sep-11,114.75
13-Sep-11,114.08
14-Sep-11,113.1
15-Sep-11,116.71
16-Sep-11,116.26
19-Sep-11,112.89
20-Sep-11,114.39
21-Sep-11,114.26
22-Sep-11,109.21
23-Sep-11,109.17
26-Sep-11,107.9
27-Sep-11,109.54
28-Sep-11,108.52
29-Sep-11,107.08
30-Sep-11,105.42
3-Oct-11,103.61
4-Oct-11,101.84
5-Oct-11,103.77
6-Oct-11,104.38
7-Oct-11,106.56
10-Oct-11,109.49
11-Oct-11,109.22
12-Oct-11,112.44
13-Oct-11,112.45
14-Oct-11,114.33
17-Oct-11,112.92
18-Oct-11,112.08
19-Oct-11,111.76
20-Oct-11,109
21-Oct-11,111.6
24-Oct-11,111.67
25-Oct-11,112.11
26-Oct-11,110.43
27-Oct-11,112.45
28-Oct-11,110.01
31-Oct-11,108.43
1-Nov-11,106.97
2-Nov-11,110.82
3-Nov-11,110.76
4-Nov-11,112.22
7-Nov-11,114.75
8-Nov-11,115.61
9-Nov-11,115.29
10-Nov-11,113.32
11-Nov-11,114.43
14-Nov-11,112.57
15-Nov-11,111.9
16-Nov-11,111.91
17-Nov-11,109.25
18-Nov-11,107.82
21-Nov-11,105.98
22-Nov-11,107.77
23-Nov-11,106.83
25-Nov-11,106.08
28-Nov-11,109.38
29-Nov-11,111.25
30-Nov-11,111.22
1-Dec-11,108.83
2-Dec-11,109.59
5-Dec-11,110.18
6-Dec-11,110.16
7-Dec-11,110.07
8-Dec-11,108.23
9-Dec-11,107.91
12-Dec-11,107.82
13-Dec-11,109.25
14-Dec-11,105.72
15-Dec-11,104.52
16-Dec-11,104
19-Dec-11,104.55
20-Dec-11,107.8
21-Dec-11,108
22-Dec-11,108.98
23-Dec-11,109.28
28-Dec-11,107.54
29-Dec-11,106.89
30-Dec-11,108.09
3-Jan-12,111.12
4-Jan-12,113.37
5-Jan-12,113.59
6-Jan-12,111.96
9-Jan-12,111.07
10-Jan-12,113.3
11-Jan-12,111.66
12-Jan-12,112.97
13-Jan-12,109.88
17-Jan-12,110.55
18-Jan-12,109.81
19-Jan-12,109.54
20-Jan-12,108.5
23-Jan-12,109.46
24-Jan-12,108.38
25-Jan-12,108.48
26-Jan-12,109.08
27-Jan-12,110.5
30-Jan-12,110.24
31-Jan-12,110.26
1-Feb-12,111.96
2-Feb-12,110.96
3-Feb-12,112.56
6-Feb-12,115.47
7-Feb-12,116.86
8-Feb-12,117.18
9-Feb-12,118.4
10-Feb-12,118.13
13-Feb-12,118.73
14-Feb-12,118.3
15-Feb-12,120.25
16-Feb-12,121
17-Feb-12,120.69
21-Feb-12,120.85
22-Feb-12,123.07
23-Feb-12,124.53
24-Feb-12,124.89
27-Feb-12,126.46
28-Feb-12,124.02
29-Feb-12,122.23
1-Mar-12,125.76
2-Mar-12,125.93
5-Mar-12,126.68
6-Mar-12,125.03
7-Mar-12,125.37
8-Mar-12,127.96
9-Mar-12,128.08
12-Mar-12,127.27
13-Mar-12,128.14
14-Mar-12,126.98
15-Mar-12,123.63
16-Mar-12,125.09
19-Mar-12,125.76
20-Mar-12,124.38
21-Mar-12,123.89
22-Mar-12,122.49
23-Mar-12,125.21
26-Mar-12,125.85
27-Mar-12,125.25
28-Mar-12,124.41
29-Mar-12,123.23
30-Mar-12,123.41
2-Apr-12,124.44
4-Apr-12,123.04
5-Apr-12,123.58
10-Apr-12,121.89
11-Apr-12,120.41
12-Apr-12,120.57
13-Apr-12,120.62
16-Apr-12,118.23
17-Apr-12,117.41
18-Apr-12,115.18
19-Apr-12,117
20-Apr-12,118.08
23-Apr-12,116.66
24-Apr-12,117.74
25-Apr-12,117.45
26-Apr-12,119.33
27-Apr-12,119.3
30-Apr-12,118.66
1-May-12,119.57
2-May-12,117.57
3-May-12,115.91
4-May-12,111.66
8-May-12,110.48
9-May-12,111.89
10-May-12,112.24
11-May-12,112.5
14-May-12,110.79
15-May-12,111.4
16-May-12,109.8
17-May-12,109.31
18-May-12,108.03
21-May-12,109.02
22-May-12,109.76
23-May-12,106.88
24-May-12,107.2
25-May-12,107.86
29-May-12,107.55
30-May-12,103.85
31-May-12,103.86
1-Jun-12,98.63
4-Jun-12,97.74
5-Jun-12,98.65
6-Jun-12,101.14
7-Jun-12,100.05
8-Jun-12,97.57
11-Jun-12,98.6
12-Jun-12,96.59
13-Jun-12,97.29
14-Jun-12,96.46
15-Jun-12,97.13
18-Jun-12,95.21
19-Jun-12,95.14
20-Jun-12,93.5
21-Jun-12,89.22
22-Jun-12,89.22
25-Jun-12,88.69
26-Jun-12,90.19
27-Jun-12,92.06
28-Jun-12,91.02
29-Jun-12,94.17
2-Jul-12,95.28
3-Jul-12,99.89
5-Jul-12,101.54
6-Jul-12,98.5
9-Jul-12,99.94
10-Jul-12,99.15
11-Jul-12,99.23
12-Jul-12,99.18
13-Jul-12,101.91
16-Jul-12,102.1
17-Jul-12,104.21
18-Jul-12,105.92
19-Jul-12,107.79
20-Jul-12,106.98
23-Jul-12,103.91
24-Jul-12,103.57
25-Jul-12,102.35
26-Jul-12,104.77
27-Jul-12,106.3
30-Jul-12,106.54
31-Jul-12,105.93
1-Aug-12,106.78
2-Aug-12,107.55
3-Aug-12,109.57
6-Aug-12,110.01
7-Aug-12,112.39
8-Aug-12,113.42
9-Aug-12,113.52
10-Aug-12,113.13
13-Aug-12,114.48
14-Aug-12,113.9
15-Aug-12,115.51
16-Aug-12,116.12
17-Aug-12,115.2
20-Aug-12,115.5
21-Aug-12,116.03
22-Aug-12,115.77
23-Aug-12,117.45
24-Aug-12,115.76
27-Aug-12,113.74
28-Aug-12,112.62
29-Aug-12,112.53
30-Aug-12,112.28
31-Aug-12,113.93
4-Sep-12,114.98
5-Sep-12,113.32
6-Sep-12,114.5
7-Sep-12,113.64
10-Sep-12,113.84
11-Sep-12,114.86
12-Sep-12,114.86
13-Sep-12,116
14-Sep-12,117.48
17-Sep-12,116.7
18-Sep-12,113.29
19-Sep-12,108.49
20-Sep-12,109.41
21-Sep-12,111.27
24-Sep-12,109.2
25-Sep-12,110.77
26-Sep-12,108.99
27-Sep-12,111.45
28-Sep-12,111.36
1-Oct-12,112.58
2-Oct-12,112.49
3-Oct-12,109.32
4-Oct-12,110.48
5-Oct-12,112.17
8-Oct-12,112.6
9-Oct-12,114.32
10-Oct-12,116.11
11-Oct-12,116.18
12-Oct-12,115.17
15-Oct-12,115
16-Oct-12,115
17-Oct-12,113.49
18-Oct-12,112.58
19-Oct-12,111.89
22-Oct-12,109.62
23-Oct-12,107.53
24-Oct-12,107.66
25-Oct-12,107.64
26-Oct-12,108.9
29-Oct-12,109.33
30-Oct-12,109.4
31-Oct-12,109.89
1-Nov-12,108.84
2-Nov-12,106.79
5-Nov-12,105.59
6-Nov-12,109.27
7-Nov-12,108.21
8-Nov-12,107.23
9-Nov-12,108.61
12-Nov-12,110.23
13-Nov-12,108.82
14-Nov-12,109.66
15-Nov-12,110.07
16-Nov-12,106.81
19-Nov-12,110.06
20-Nov-12,110.01
21-Nov-12,110.81
23-Nov-12,110.14
26-Nov-12,110.18
27-Nov-12,109.33
28-Nov-12,108.26
29-Nov-12,110.47
30-Nov-12,110.84
3-Dec-12,111.27
4-Dec-12,109.99
5-Dec-12,108.96
6-Dec-12,108.01
7-Dec-12,107.16
10-Dec-12,108.25
11-Dec-12,107.6
12-Dec-12,110.17
13-Dec-12,110.18
14-Dec-12,109.28
17-Dec-12,109.35
18-Dec-12,109.96
19-Dec-12,109.95
20-Dec-12,110.57
21-Dec-12,109.13
24-Dec-12,108.44
26-Dec-12,110.72
27-Dec-12,110.04
28-Dec-12,110.05
31-Dec-12,110.8
2-Jan-13,112.98
3-Jan-13,113.03
4-Jan-13,112.58
7-Jan-13,112.49
8-Jan-13,113.03
9-Jan-13,113.07
10-Jan-13,112.97
11-Jan-13,110.3
14-Jan-13,111.32
15-Jan-13,111.72
16-Jan-13,110.97
17-Jan-13,111.01
18-Jan-13,111.71
22-Jan-13,112.72
23-Jan-13,113.68
24-Jan-13,114.59
25-Jan-13,113.88
28-Jan-13,113.92
29-Jan-13,115.22
30-Jan-13,115.42
31-Jan-13,115.55
1-Feb-13,115.55
4-Feb-13,116.06
5-Feb-13,117.03
6-Feb-13,116.61
7-Feb-13,117.17
8-Feb-13,118.9
11-Feb-13,118.29
12-Feb-13,117.89
13-Feb-13,118.43
14-Feb-13,118.48
15-Feb-13,117.4
19-Feb-13,117.04
20-Feb-13,116.23
21-Feb-13,114.19
22-Feb-13,113.74
25-Feb-13,114.55
26-Feb-13,112.96
27-Feb-13,112.24
28-Feb-13,112.2
1-Mar-13,110.14
4-Mar-13,109.9
5-Mar-13,110.42
6-Mar-13,110.27
7-Mar-13,110.42
8-Mar-13,108.91
11-Mar-13,108.64
12-Mar-13,108.48
13-Mar-13,107.51
14-Mar-13,108.1
15-Mar-13,109.32
18-Mar-13,108.54
19-Mar-13,106.91
20-Mar-13,108.27
21-Mar-13,106.41
22-Mar-13,106.51
25-Mar-13,106.66
26-Mar-13,107.1
27-Mar-13,108.51
28-Mar-13,108.46
1-Apr-13,108.76
2-Apr-13,109.66
3-Apr-13,107.82
4-Apr-13,105.09
5-Apr-13,103.98
8-Apr-13,103.16
9-Apr-13,104.08
10-Apr-13,104.8
11-Apr-13,103.62
12-Apr-13,100.58
15-Apr-13,99.32
16-Apr-13,97.88
17-Apr-13,96.84
18-Apr-13,97.48
19-Apr-13,98.94
22-Apr-13,99.07
23-Apr-13,99.25
24-Apr-13,100.71
25-Apr-13,101.62
26-Apr-13,102.39
29-Apr-13,102.88
30-Apr-13,101.53
1-May-13,98.34
2-May-13,100.32
3-May-13,104.6
6-May-13,105
7-May-13,105.18
8-May-13,103.79
9-May-13,103.59
10-May-13,101.31
13-May-13,102.17
14-May-13,102.7
15-May-13,101.57
16-May-13,104.27
17-May-13,103.83
20-May-13,104.55
21-May-13,103.1
22-May-13,102.14
23-May-13,100.46
24-May-13,101.24
28-May-13,103.77
29-May-13,102.14
30-May-13,101.79
31-May-13,100.43
3-Jun-13,101.63
4-Jun-13,102.04
5-Jun-13,103.51
6-Jun-13,103.37
7-Jun-13,104.07
10-Jun-13,103.87
11-Jun-13,101.5
12-Jun-13,103.11
13-Jun-13,103.38
14-Jun-13,105.1
17-Jun-13,105.8
18-Jun-13,105.21
19-Jun-13,105.56
20-Jun-13,102.72
21-Jun-13,100.36
24-Jun-13,99.8
25-Jun-13,101.51
26-Jun-13,100.62
27-Jun-13,102.74
28-Jun-13,102.49
1-Jul-13,103.19
2-Jul-13,103.96
3-Jul-13,106.12
5-Jul-13,107.46
8-Jul-13,107.75
9-Jul-13,107.9
10-Jul-13,108.43
11-Jul-13,108.18
12-Jul-13,109.03
15-Jul-13,109.05
16-Jul-13,109.29
17-Jul-13,109.67
18-Jul-13,109.71
19-Jul-13,109.34
22-Jul-13,108.82
23-Jul-13,109.27
24-Jul-13,108.23
25-Jul-13,108.1
26-Jul-13,107.57
29-Jul-13,108.1
30-Jul-13,107.47
31-Jul-13,107.89
1-Aug-13,109.94
2-Aug-13,109.63
5-Aug-13,109.81
6-Aug-13,108.77
7-Aug-13,108.39
8-Aug-13,107.32
9-Aug-13,108.49
12-Aug-13,109.28
13-Aug-13,110.69
14-Aug-13,110.26
15-Aug-13,111.58
16-Aug-13,111.82
19-Aug-13,111.41
20-Aug-13,110.74
21-Aug-13,110.82
22-Aug-13,110.51
23-Aug-13,112.12
26-Aug-13,112.23
27-Aug-13,115.21
28-Aug-13,116.27
29-Aug-13,116.91
30-Aug-13,115.97
3-Sep-13,115.49
4-Sep-13,115.65
5-Sep-13,115.81
6-Sep-13,117.15
9-Sep-13,115.2
10-Sep-13,112.1
11-Sep-13,112.37
12-Sep-13,113.11
13-Sep-13,113.31
16-Sep-13,110.86
17-Sep-13,109.05
18-Sep-13,109.09
19-Sep-13,110.66
20-Sep-13,110.22
23-Sep-13,108.56
24-Sep-13,107.68
25-Sep-13,109.46
26-Sep-13,108.86
27-Sep-13,109.45
30-Sep-13,107.85
1-Oct-13,107.32
2-Oct-13,109.09
3-Oct-13,109.49
4-Oct-13,109.42
7-Oct-13,109.66
8-Oct-13,110.56
9-Oct-13,109.02
10-Oct-13,111.63
11-Oct-13,110.65
14-Oct-13,110.13
15-Oct-13,110.67
16-Oct-13,110.79
17-Oct-13,109.55
18-Oct-13,109.4
21-Oct-13,109.47
22-Oct-13,109.57
23-Oct-13,107.74
24-Oct-13,106.63
25-Oct-13,105.7
28-Oct-13,108.29
29-Oct-13,108.04
30-Oct-13,108.41
31-Oct-13,107.53
1-Nov-13,105.78
4-Nov-13,104.85
5-Nov-13,105.01
6-Nov-13,105.46
7-Nov-13,103.08
8-Nov-13,104.29
11-Nov-13,105.76
12-Nov-13,106.29
13-Nov-13,106.9
14-Nov-13,108.29
15-Nov-13,108.25
18-Nov-13,108.8
19-Nov-13,108.29
20-Nov-13,108.27
21-Nov-13,109.9
22-Nov-13,111.36
25-Nov-13,110.83
26-Nov-13,112.04
27-Nov-13,111.32
29-Nov-13,111.07
2-Dec-13,111.49
3-Dec-13,113.06
4-Dec-13,113.27
5-Dec-13,112.07
6-Dec-13,111.5
9-Dec-13,110.07
10-Dec-13,108.91
11-Dec-13,109.47
12-Dec-13,108.99
13-Dec-13,108.08
16-Dec-13,110.3
17-Dec-13,108.91
18-Dec-13,109.56
19-Dec-13,110.78
20-Dec-13,112.15
23-Dec-13,111.58
24-Dec-13,111.57
26-Dec-13,111.65
27-Dec-13,112.06
30-Dec-13,110.47
31-Dec-13,109.95
2-Jan-14,107.94
3-Jan-14,106.57
6-Jan-14,106.71
7-Jan-14,107.01
8-Jan-14,107.42
9-Jan-14,107.49
10-Jan-14,106.44
13-Jan-14,108.02
14-Jan-14,107.12
15-Jan-14,108.09
16-Jan-14,107.46
17-Jan-14,108.45
20-Jan-14,108.01
21-Jan-14,109.17
22-Jan-14,109.69
23-Jan-14,109.69
24-Jan-14,109.14
27-Jan-14,108.72
28-Jan-14,109.1
29-Jan-14,108.83
30-Jan-14,109.36
31-Jan-14,108.16
3-Feb-14,106.55
4-Feb-14,107.04
5-Feb-14,106.81
6-Feb-14,108.15
7-Feb-14,110.12
10-Feb-14,110.18
11-Feb-14,109.21
12-Feb-14,108.62
13-Feb-14,108.98
14-Feb-14,108.63
18-Feb-14,110.14
19-Feb-14,110.37
20-Feb-14,109.42
21-Feb-14,109.03
24-Feb-14,109.76
25-Feb-14,109.19
26-Feb-14,109.39
27-Feb-14,108.54
28-Feb-14,108.98
3-Mar-14,111.26
4-Mar-14,109.17
5-Mar-14,108.15
6-Mar-14,107.99
7-Mar-14,109.14
10-Mar-14,108.27
11-Mar-14,108.35
12-Mar-14,107.88
13-Mar-14,107.48
14-Mar-14,108.08
17-Mar-14,106.99
18-Mar-14,106.79
19-Mar-14,105.95
20-Mar-14,105.73
21-Mar-14,107.2
24-Mar-14,106.59
25-Mar-14,107.01
26-Mar-14,105.9
27-Mar-14,106.58
28-Mar-14,106.64
31-Mar-14,105.95
1-Apr-14,105.7
2-Apr-14,103.37
3-Apr-14,104.88
4-Apr-14,106.41
7-Apr-14,104.89
8-Apr-14,105.83
9-Apr-14,107.39
10-Apr-14,107.1
11-Apr-14,107.34
14-Apr-14,107.68
15-Apr-14,109.1
16-Apr-14,109.71
17-Apr-14,109.79
21-Apr-14,109.69
22-Apr-14,108.54
23-Apr-14,108.48
24-Apr-14,109.79
25-Apr-14,109.53
28-Apr-14,109.12
29-Apr-14,109.89
30-Apr-14,108.63
1-May-14,108.63
2-May-14,109.48
5-May-14,109.48
6-May-14,108.3
7-May-14,108.17
8-May-14,108.19
9-May-14,108.26
12-May-14,108.37
13-May-14,108.78
14-May-14,109.87
15-May-14,109.74
16-May-14,110.9
19-May-14,110.84
20-May-14,110.35
21-May-14,111.32
22-May-14,110.89
23-May-14,110.19
26-May-14,110.01
27-May-14,109.81
28-May-14,109.09
29-May-14,109.98
30-May-14,109.21
2-Jun-14,109.34
3-Jun-14,108.87
4-Jun-14,109.07
5-Jun-14,108.43
6-Jun-14,109.21
9-Jun-14,110.55
10-Jun-14,109.18
11-Jun-14,109.83
12-Jun-14,112.18
13-Jun-14,113.15
16-Jun-14,113.42
17-Jun-14,114.02
18-Jun-14,114.25
19-Jun-14,115.19
20-Jun-14,114.55
23-Jun-14,113.62
24-Jun-14,113.74
25-Jun-14,112.84
26-Jun-14,112.61
27-Jun-14,112.62
30-Jun-14,111.03
1-Jul-14,110.84
2-Jul-14,110.18
3-Jul-14,108.98
7-Jul-14,108.7
8-Jul-14,107.65
9-Jul-14,106.84
10-Jul-14,106.2
11-Jul-14,105.77
14-Jul-14,104.73
15-Jul-14,104.73
16-Jul-14,105.41
17-Jul-14,106.04
18-Jul-14,106.03
21-Jul-14,105.71
22-Jul-14,106.48
23-Jul-14,106.85
24-Jul-14,105.78
25-Jul-14,106.89
28-Jul-14,106.7
29-Jul-14,106.98
30-Jul-14,106.47
31-Jul-14,104.94
1-Aug-14,103.45
4-Aug-14,103.63
5-Aug-14,102.82
6-Aug-14,104.17
7-Aug-14,104.02
8-Aug-14,103.36
11-Aug-14,103.47
12-Aug-14,101.68
13-Aug-14,102.27
14-Aug-14,101.15
15-Aug-14,101.13
18-Aug-14,99.37
19-Aug-14,99.74
20-Aug-14,99.92
21-Aug-14,100.28
22-Aug-14,100.09
25-Aug-14,100.49
26-Aug-14,100.5
27-Aug-14,100.4
28-Aug-14,100.71
29-Aug-14,101.12
2-Sep-14,100.21
3-Sep-14,100.88
4-Sep-14,101.21
5-Sep-14,99.51
8-Sep-14,99.53
9-Sep-14,98.08
10-Sep-14,96.26
11-Sep-14,96.42
12-Sep-14,96.31
15-Sep-14,96.43
16-Sep-14,97.39
17-Sep-14,97.7
18-Sep-14,96.82
19-Sep-14,96.75
22-Sep-14,95.37
23-Sep-14,94.87
24-Sep-14,94.53
25-Sep-14,95.2
26-Sep-14,95.08
29-Sep-14,95.7
30-Sep-14,94.67
1-Oct-14,94.57
2-Oct-14,91.29
3-Oct-14,90.8
6-Oct-14,90.65
7-Oct-14,90.9
8-Oct-14,90.25
9-Oct-14,90.47
10-Oct-14,88.66
13-Oct-14,87.82
14-Oct-14,86.36
15-Oct-14,84.02
16-Oct-14,84.02
17-Oct-14,85.27
20-Oct-14,84.42
21-Oct-14,85.17
22-Oct-14,86.38
23-Oct-14,85.94
24-Oct-14,86
27-Oct-14,85.64
28-Oct-14,85.57
29-Oct-14,86.91
30-Oct-14,85.5
31-Oct-14,84.17
3-Nov-14,84.9
4-Nov-14,82.12
5-Nov-14,82.88
6-Nov-14,82.08
7-Nov-14,83.2
10-Nov-14,82.9
11-Nov-14,80.94
12-Nov-14,80.42
13-Nov-14,77.74
14-Nov-14,77.51
17-Nov-14,76.86
18-Nov-14,77.23
19-Nov-14,77.21
20-Nov-14,77.61
21-Nov-14,79.2
24-Nov-14,79.62
25-Nov-14,77.62
26-Nov-14,77.39
28-Nov-14,71.89
1-Dec-14,70.87
2-Dec-14,71.13
3-Dec-14,70.13
4-Dec-14,68.48
5-Dec-14,68
8-Dec-14,65.64
9-Dec-14,66.11
10-Dec-14,63.32
11-Dec-14,63.65
12-Dec-14,61.67
15-Dec-14,61.09
16-Dec-14,60.26
17-Dec-14,59.84
18-Dec-14,58.81
19-Dec-14,58.87
22-Dec-14,58.31
23-Dec-14,59.07
24-Dec-14,58.67
26-Dec-14,58.72
29-Dec-14,57.86
30-Dec-14,55.6
31-Dec-14,55.27
2-Jan-15,55.38
5-Jan-15,51.08
6-Jan-15,50.12
7-Jan-15,49.06
8-Jan-15,49.43
9-Jan-15,47.64
12-Jan-15,46.9
13-Jan-15,45.13
14-Jan-15,45.82
15-Jan-15,47.66
16-Jan-15,47.38
20-Jan-15,46.49
21-Jan-15,46.5
22-Jan-15,46.09
23-Jan-15,46.69
26-Jan-15,46.07
27-Jan-15,46.55
28-Jan-15,47.07
29-Jan-15,46.61
30-Jan-15,47.52
2-Feb-15,51.74
3-Feb-15,54.41
4-Feb-15,55.07
5-Feb-15,55.98
6-Feb-15,55.88
9-Feb-15,57
10-Feb-15,55.79
11-Feb-15,53.48
12-Feb-15,56.23
13-Feb-15,60.33
16-Feb-15,61.57
17-Feb-15,60.78
18-Feb-15,60.72
19-Feb-15,58.78
20-Feb-15,60.99
23-Feb-15,59.78
24-Feb-15,60.33
25-Feb-15,59.77
26-Feb-15,61.39
27-Feb-15,61.89
2-Mar-15,60.75
3-Mar-15,61.18
4-Mar-15,59.18
5-Mar-15,60.33
6-Mar-15,59.15
9-Mar-15,58.67
10-Mar-15,55.95
11-Mar-15,56.46
12-Mar-15,56.66
13-Mar-15,54.8
16-Mar-15,52
17-Mar-15,52.17
18-Mar-15,52.59
19-Mar-15,52.96
20-Mar-15,53.88
23-Mar-15,53.82
24-Mar-15,53.61
25-Mar-15,54.18
26-Mar-15,57.02
27-Mar-15,56.44
30-Mar-15,53.99
31-Mar-15,53.69
1-Apr-15,55.73
2-Apr-15,55.73
6-Apr-15,55.73
7-Apr-15,57.55
8-Apr-15,56.42
9-Apr-15,56.04
10-Apr-15,56.82
13-Apr-15,57.14
14-Apr-15,57.69
15-Apr-15,59.32
16-Apr-15,60.13
17-Apr-15,61.31
20-Apr-15,61.2
21-Apr-15,60.12
22-Apr-15,60.12
23-Apr-15,62.66
24-Apr-15,62.96
27-Apr-15,62.86
28-Apr-15,62.61
29-Apr-15,63.97
30-Apr-15,63.9
1-May-15,64.13
4-May-15,64.62
5-May-15,65.44
6-May-15,66.22
7-May-15,64.93
8-May-15,63.82
11-May-15,62.82
12-May-15,65.09
13-May-15,66.33
14-May-15,65.58
15-May-15,64.69
18-May-15,65.15
19-May-15,63.48
20-May-15,63.52
21-May-15,64.7
22-May-15,64.7
26-May-15,61.65
27-May-15,61.35
28-May-15,60.12
29-May-15,63.16
1-Jun-15,62.87
2-Jun-15,63.14
3-Jun-15,62.78
4-Jun-15,60.34
5-Jun-15,60.36
8-Jun-15,61.33
9-Jun-15,63.23
10-Jun-15,64.68
11-Jun-15,63.76
12-Jun-15,63.19
15-Jun-15,60.99
16-Jun-15,60.75
17-Jun-15,60.75
18-Jun-15,61.37
19-Jun-15,59.41
22-Jun-15,60.54
23-Jun-15,61.67
24-Jun-15,61.63
25-Jun-15,60.24
26-Jun-15,60.14
29-Jun-15,59.03
30-Jun-15,60.31
1-Jul-15,61.65
2-Jul-15,61.73
3-Jul-15,59.06
6-Jul-15,57.19
7-Jul-15,54.72
8-Jul-15,55.7
9-Jul-15,57.83
10-Jul-15,57.72
13-Jul-15,57.63
14-Jul-15,57.2
15-Jul-15,57.34
16-Jul-15,57.31
17-Jul-15,56.38
20-Jul-15,56.42
21-Jul-15,55.94
22-Jul-15,56.36
23-Jul-15,55.76
24-Jul-15,54.29
27-Jul-15,54.07
28-Jul-15,54.3
29-Jul-15,54.73
30-Jul-15,54.29
31-Jul-15,53.29
3-Aug-15,49.49
4-Aug-15,49.08
5-Aug-15,49.04
6-Aug-15,47.8
7-Aug-15,47.54
10-Aug-15,48.3
11-Aug-15,47.33
12-Aug-15,48.29
13-Aug-15,48.01
14-Aug-15,47.79
17-Aug-15,47.77
18-Aug-15,47
19-Aug-15,45.75
20-Aug-15,45.63
21-Aug-15,43.84
24-Aug-15,41.59
25-Aug-15,41.86
26-Aug-15,41.76
27-Aug-15,44.46
28-Aug-15,47.97
1-Sep-15,48.8
2-Sep-15,47.67
3-Sep-15,50.41
4-Sep-15,48.59
7-Sep-15,46.42
8-Sep-15,48.88
9-Sep-15,48.04
10-Sep-15,47.77
11-Sep-15,46.87
14-Sep-15,45.87
15-Sep-15,45.91
16-Sep-15,49.35
17-Sep-15,48.27
18-Sep-15,47.28
21-Sep-15,47.64
22-Sep-15,46.69
23-Sep-15,48
24-Sep-15,47.06
25-Sep-15,47.28
28-Sep-15,46.04
29-Sep-15,47.58
30-Sep-15,47.29
1-Oct-15,47.48
2-Oct-15,46.55
5-Oct-15,49.45
6-Oct-15,51.34
7-Oct-15,51.66
8-Oct-15,52.13
9-Oct-15,52.08
12-Oct-15,50.95
13-Oct-15,48.94
14-Oct-15,48.25
15-Oct-15,47.87
16-Oct-15,48.96
19-Oct-15,47.51
20-Oct-15,46.93
21-Oct-15,46.72
22-Oct-15,46.59
23-Oct-15,46.3
26-Oct-15,46.57
27-Oct-15,45.54
28-Oct-15,47.6
29-Oct-15,48.04
30-Oct-15,48
2-Nov-15,47.91
3-Nov-15,48
4-Nov-15,46.96
5-Nov-15,47.19
6-Nov-15,46.09
9-Nov-15,45.38
10-Nov-15,46.44
11-Nov-15,44.98
12-Nov-15,44.98
13-Nov-15,41.98
16-Nov-15,40.28
17-Nov-15,41.28
18-Nov-15,41.45
19-Nov-15,42.22
20-Nov-15,42.49
23-Nov-15,43.7
24-Nov-15,44.38
25-Nov-15,43.56
26-Nov-15,43.55
27-Nov-15,43.07
30-Nov-15,43.73
1-Dec-15,42.97
2-Dec-15,41.92
3-Dec-15,42
4-Dec-15,41.44
7-Dec-15,39.69
8-Dec-15,39.44
9-Dec-15,39.04
10-Dec-15,38.65
11-Dec-15,36.99
14-Dec-15,36.51
15-Dec-15,37.66
16-Dec-15,36.96
17-Dec-15,36.29
18-Dec-15,36.76
21-Dec-15,35.34
22-Dec-15,35.26
23-Dec-15,35.79
24-Dec-15,37.22
28-Dec-15,37.08
29-Dec-15,36.85
30-Dec-15,35.65
31-Dec-15,36.61
4-Jan-16,36.28
5-Jan-16,35.56
6-Jan-16,33.89
7-Jan-16,33.57
8-Jan-16,31.67
11-Jan-16,30.14
12-Jan-16,29.14
13-Jan-16,28.58
14-Jan-16,28.84
15-Jan-16,28.8
18-Jan-16,27.36
19-Jan-16,27.36
20-Jan-16,26.01
21-Jan-16,27.59
22-Jan-16,30.46
25-Jan-16,29.82
26-Jan-16,30.94
27-Jan-16,31.83
28-Jan-16,33.01
29-Jan-16,33.14
1-Feb-16,32.45
2-Feb-16,30.98
3-Feb-16,32.38
4-Feb-16,32.76
5-Feb-16,32.35
8-Feb-16,31.64
9-Feb-16,30.15
10-Feb-16,29.64
11-Feb-16,28.82
12-Feb-16,31.8
16-Feb-16,31.09
17-Feb-16,33.21
18-Feb-16,33.2
19-Feb-16,31.66
22-Feb-16,33.59
23-Feb-16,31.9
24-Feb-16,31.5
25-Feb-16,32.83
26-Feb-16,35.76
29-Feb-16,35.92
1-Mar-16,35.73
2-Mar-16,36.38
3-Mar-16,35.75
4-Mar-16,37.61
7-Mar-16,39.02
8-Mar-16,39.16
9-Mar-16,40.26
10-Mar-16,38.63
11-Mar-16,39.41
14-Mar-16,38.06
15-Mar-16,37.49
16-Mar-16,38.38
17-Mar-16,39.29
18-Mar-16,39.26
21-Mar-16,39.91
22-Mar-16,40.54
23-Mar-16,38.84
24-Mar-16,38.33
28-Mar-16,38.33
29-Mar-16,36.75
30-Mar-16,36.75
31-Mar-16,36.75
1-Apr-16,36.42
4-Apr-16,36.05
5-Apr-16,35.88
6-Apr-16,37.77
7-Apr-16,37.15
8-Apr-16,40.71
11-Apr-16,41.58
12-Apr-16,43.02
13-Apr-16,42.81
14-Apr-16,43.02
15-Apr-16,41.32
18-Apr-16,41.64
19-Apr-16,43.02
20-Apr-16,43.09
21-Apr-16,43.48
22-Apr-16,43.97
25-Apr-16,42.97
26-Apr-16,43.94
27-Apr-16,44.17
28-Apr-16,45.6
29-Apr-16,45.64
2-May-16,45.82
3-May-16,43.09
4-May-16,43.08
5-May-16,44.39
6-May-16,44.6
9-May-16,42.43
10-May-16,44.01
11-May-16,46.08
12-May-16,46.43
13-May-16,47.05
16-May-16,48.49
17-May-16,48.71
18-May-16,48.93
19-May-16,47.01
20-May-16,48.54
23-May-16,47.77
24-May-16,48.42
25-May-16,48.87
26-May-16,49.52
27-May-16,49.09
31-May-16,49.26
1-Jun-16,48.81
2-Jun-16,49.05
3-Jun-16,48.5
6-Jun-16,48.94
7-Jun-16,49.76
8-Jun-16,50.73
9-Jun-16,50.59
10-Jun-16,49.7
13-Jun-16,49.36
14-Jun-16,47.88
15-Jun-16,47.47
16-Jun-16,45.66
17-Jun-16,46.57
20-Jun-16,48.68
21-Jun-16,48.18
22-Jun-16,48.43
23-Jun-16,48.63
24-Jun-16,46.69
27-Jun-16,45.07
28-Jun-16,46.29
29-Jun-16,48.4
30-Jun-16,48.05
1-Jul-16,47.65
4-Jul-16,48.02
5-Jul-16,45.64
6-Jul-16,45.7
7-Jul-16,45.93
8-Jul-16,44.53
11-Jul-16,44.04
12-Jul-16,46.72
13-Jul-16,44.67
14-Jul-16,46.01
15-Jul-16,46.25
18-Jul-16,45.35
19-Jul-16,45.7
20-Jul-16,45.82
21-Jul-16,44.99
22-Jul-16,44.24
25-Jul-16,43.76
26-Jul-16,43.56
27-Jul-16,42.78
28-Jul-16,41.87
29-Jul-16,40.76
1-Aug-16,40.17
2-Aug-16,40
3-Aug-16,40.45
4-Aug-16,41.33
5-Aug-16,42.47
8-Aug-16,43.24
9-Aug-16,43.37
10-Aug-16,42.19
11-Aug-16,44.23
12-Aug-16,45.12
15-Aug-16,47.31
16-Aug-16,48.27
17-Aug-16,48.58
18-Aug-16,49.46
19-Aug-16,49.39
22-Aug-16,48.1
23-Aug-16,48.7
24-Aug-16,47.56
25-Aug-16,49.25
26-Aug-16,49.66
29-Aug-16,49.66
30-Aug-16,47.94
31-Aug-16,47.94
1-Sep-16,45.05
2-Sep-16,45.96
5-Sep-16,46.72
6-Sep-16,46.21
7-Sep-16,47
8-Sep-16,49.23
9-Sep-16,48.37
12-Sep-16,47.82
13-Sep-16,46.48
14-Sep-16,45.65
15-Sep-16,45.83
16-Sep-16,45.26
19-Sep-16,46.04
20-Sep-16,45.24
21-Sep-16,45.99
22-Sep-16,47.21
23-Sep-16,46.71
26-Sep-16,46.61
27-Sep-16,44.95
28-Sep-16,45.49
29-Sep-16,48.43
30-Sep-16,48.24
3-Oct-16,48.61
4-Oct-16,48.81
5-Oct-16,49.57
6-Oct-16,50.14
7-Oct-16,50.49
10-Oct-16,51.54
11-Oct-16,50.48
12-Oct-16,49.53
13-Oct-16,49.29
14-Oct-16,48.87
17-Oct-16,49.31
18-Oct-16,49.81
19-Oct-16,51.85
20-Oct-16,50.42
21-Oct-16,50.28
24-Oct-16,49.8
25-Oct-16,49.08
26-Oct-16,48.98
27-Oct-16,49.13
28-Oct-16,47.78
31-Oct-16,46.2
1-Nov-16,45.77
2-Nov-16,44.26
3-Nov-16,43.84
4-Nov-16,43.06
7-Nov-16,42.83
8-Nov-16,43.47
9-Nov-16,43.88
10-Nov-16,43.67
11-Nov-16,41.61
14-Nov-16,41.83
15-Nov-16,44.15
16-Nov-16,45.07
17-Nov-16,44.57
18-Nov-16,44.41
21-Nov-16,45.96
22-Nov-16,46.1
23-Nov-16,46.54
24-Nov-16,47.54
25-Nov-16,46.32
28-Nov-16,46.64
29-Nov-16,44.68
30-Nov-16,47.95
1-Dec-16,52.28
2-Dec-16,52.35
5-Dec-16,53.3
6-Dec-16,52.31
7-Dec-16,51.9
8-Dec-16,51.6
9-Dec-16,52.19
12-Dec-16,53.99
13-Dec-16,53.28
14-Dec-16,53.15
15-Dec-16,51.72
16-Dec-16,54.15
19-Dec-16,53.53
20-Dec-16,54.56
21-Dec-16,53.01
22-Dec-16,54.04
23-Dec-16,53.93
28-Dec-16,54.95
29-Dec-16,54.97
30-Dec-16,54.96
3-Jan-17,55.05
4-Jan-17,54.57
5-Jan-17,54.99
6-Jan-17,55.9
9-Jan-17,54.39
10-Jan-17,53.2
11-Jan-17,53.61
12-Jan-17,54.51
13-Jan-17,54.37
16-Jan-17,54.3
17-Jan-17,54.68
18-Jan-17,53.77
19-Jan-17,53.18
20-Jan-17,55.04
23-Jan-17,54.8
24-Jan-17,54.7
25-Jan-17,54.34
26-Jan-17,55.89
27-Jan-17,54.8
30-Jan-17,54.77
31-Jan-17,55.25
1-Feb-17,55.79
2-Feb-17,55.94
3-Feb-17,55.92
6-Feb-17,55.02
7-Feb-17,53.79
8-Feb-17,54.42
9-Feb-17,53.98
10-Feb-17,55.2
13-Feb-17,54.15
14-Feb-17,54.96
15-Feb-17,54.57
16-Feb-17,54.16
17-Feb-17,54.48
20-Feb-17,55.25
21-Feb-17,56.34
22-Feb-17,54.9
23-Feb-17,55.82
24-Feb-17,54.69
27-Feb-17,54.65
28-Feb-17,53.36
1-Mar-17,55.72
2-Mar-17,54.16
3-Mar-17,54.12
6-Mar-17,54.73
7-Mar-17,54.61
8-Mar-17,53.3
9-Mar-17,50.65
10-Mar-17,50.63
13-Mar-17,50.1
14-Mar-17,49.6
15-Mar-17,50.63
16-Mar-17,50.56
17-Mar-17,50.58
20-Mar-17,50.67
21-Mar-17,50.14
22-Mar-17,49.56
23-Mar-17,50.17
24-Mar-17,49.97
27-Mar-17,50.12
28-Mar-17,50.72
29-Mar-17,51.36
30-Mar-17,52.25
31-Mar-17,52.2
3-Apr-17,52.04
4-Apr-17,53.08
5-Apr-17,53.41
6-Apr-17,53.62
7-Apr-17,54.24
10-Apr-17,54.79
11-Apr-17,54.73
12-Apr-17,54.75
13-Apr-17,55.05
17-Apr-17,54.79
18-Apr-17,52.6
19-Apr-17,52.43
20-Apr-17,50.66
21-Apr-17,49.93
24-Apr-17,49.45
25-Apr-17,49.37
26-Apr-17,49.99
27-Apr-17,49.46
28-Apr-17,49.46
1-May-17,50.41
2-May-17,49.31
3-May-17,48.82
4-May-17,47.53
5-May-17,47.45
8-May-17,46.61
9-May-17,47.06
10-May-17,48.09
11-May-17,49.18
12-May-17,49.08
15-May-17,51.29
16-May-17,51.21
17-May-17,51.76
18-May-17,51.71
19-May-17,52.78
22-May-17,53.35
23-May-17,53.19
24-May-17,53.29
25-May-17,52.25
26-May-17,50.84
29-May-17,52.25
30-May-17,50.65
31-May-17,49.4
1-Jun-17,50.41
2-Jun-17,48.46
5-Jun-17,48.25
6-Jun-17,48.11
7-Jun-17,47.08
8-Jun-17,46.3
9-Jun-17,46.64
12-Jun-17,47.18
13-Jun-17,46.95
14-Jun-17,45.47
15-Jun-17,45.61
16-Jun-17,45.7
19-Jun-17,45.93
20-Jun-17,43.98
21-Jun-17,44.62
22-Jun-17,44.46
23-Jun-17,44.14
26-Jun-17,44.09
27-Jun-17,46.17
28-Jun-17,46.45
29-Jun-17,47.02
30-Jun-17,47.08
3-Jul-17,49.13
4-Jul-17,49.15
5-Jul-17,47.58
6-Jul-17,48.53
7-Jul-17,46.47
10-Jul-17,46.57
11-Jul-17,46.68
12-Jul-17,46.73
13-Jul-17,47.65
14-Jul-17,47.89
17-Jul-17,47.66
18-Jul-17,47.92
19-Jul-17,48.34
20-Jul-17,48.54
21-Jul-17,47.47
24-Jul-17,47.81
25-Jul-17,49.19
26-Jul-17,50.08
27-Jul-17,50.67
28-Jul-17,52
31-Jul-17,51.99
1-Aug-17,50.77
2-Aug-17,52.09
3-Aug-17,52.88
4-Aug-17,52.48
7-Aug-17,51.42
8-Aug-17,52.18
9-Aug-17,52.16
10-Aug-17,52.59
11-Aug-17,51.47
14-Aug-17,51.29
15-Aug-17,49.9
16-Aug-17,50.39
17-Aug-17,50.37
18-Aug-17,50.96
21-Aug-17,51.94
22-Aug-17,52.29
23-Aug-17,52.31
24-Aug-17,51.73
25-Aug-17,51.87
28-Aug-17,51.87
29-Aug-17,51.64
30-Aug-17,51.91
31-Aug-17,52.69
1-Sep-17,53.15
4-Sep-17,52.6
5-Sep-17,53.63
6-Sep-17,54.48
7-Sep-17,54.16
8-Sep-17,54.55
11-Sep-17,54.2
12-Sep-17,55.06
13-Sep-17,55.52
14-Sep-17,56.76
15-Sep-17,56.18
18-Sep-17,55.5
19-Sep-17,56.58
20-Sep-17,57.2
21-Sep-17,57.73
22-Sep-17,58.16
25-Sep-17,59.42
26-Sep-17,59.77
27-Sep-17,58.74
28-Sep-17,58.8
29-Sep-17,57.02
2-Oct-17,55.67
3-Oct-17,56.12
4-Oct-17,56
5-Oct-17,57.09
6-Oct-17,55.5
9-Oct-17,55.29
10-Oct-17,56.62
11-Oct-17,56.13
12-Oct-17,56.13
13-Oct-17,56.86
16-Oct-17,57.49
17-Oct-17,57.63
18-Oct-17,58.05
19-Oct-17,57.82
20-Oct-17,57.89
23-Oct-17,57.69
24-Oct-17,57.84
25-Oct-17,58.45
26-Oct-17,58.75
27-Oct-17,60.15
30-Oct-17,60.65
31-Oct-17,61.35
1-Nov-17,60.98
2-Nov-17,60.79
3-Nov-17,61.42
6-Nov-17,64.27
7-Nov-17,64.36
8-Nov-17,63.96
9-Nov-17,64.49
10-Nov-17,64.35
13-Nov-17,62.94
14-Nov-17,60.91
15-Nov-17,61.25
16-Nov-17,61.18
17-Nov-17,61.34
20-Nov-17,61.34
21-Nov-17,62.28
22-Nov-17,62.92
23-Nov-17,63.27
24-Nov-17,63.58
27-Nov-17,63.25
28-Nov-17,63.56
29-Nov-17,63.74
30-Nov-17,63.53
1-Dec-17,64.57
4-Dec-17,63.45
5-Dec-17,63.45
6-Dec-17,62.25
7-Dec-17,62.37
8-Dec-17,63.86
11-Dec-17,65.62
12-Dec-17,64.96
13-Dec-17,63.66
14-Dec-17,63.72
15-Dec-17,63.81
18-Dec-17,64.45
19-Dec-17,63.69
20-Dec-17,64.43
21-Dec-17,64.64
22-Dec-17,64.61
27-Dec-17,66.03
28-Dec-17,66.8
29-Dec-17,66.73
2-Jan-18,66.65
3-Jan-18,67.85
4-Jan-18,68.73
5-Jan-18,68.01
8-Jan-18,68.48
9-Jan-18,69.08
10-Jan-18,69.79
11-Jan-18,70.36
12-Jan-18,69.64
15-Jan-18,70.31
16-Jan-18,69.4
17-Jan-18,69.19
18-Jan-18,69.48
19-Jan-18,68.56
22-Jan-18,69.32
23-Jan-18,69.81
24-Jan-18,69.91
25-Jan-18,71.08
26-Jan-18,70.08
29-Jan-18,68.41
30-Jan-18,67.78
31-Jan-18,67.78
1-Feb-18,68.6
2-Feb-18,67.45
5-Feb-18,67.69
6-Feb-18,66.75
7-Feb-18,65.74
8-Feb-18,64.26
9-Feb-18,63.04
12-Feb-18,62.2
13-Feb-18,61.94
14-Feb-18,62.29
15-Feb-18,62.86
16-Feb-18,64.3
19-Feb-18,64.95
20-Feb-18,64.68
21-Feb-18,64.81
22-Feb-18,66.12
23-Feb-18,67.04
26-Feb-18,67.96
27-Feb-18,67.59
28-Feb-18,66.08
1-Mar-18,64.23
2-Mar-18,64.26
5-Mar-18,65.78
6-Mar-18,65.67
7-Mar-18,65.09
8-Mar-18,63.87
9-Mar-18,65.19
12-Mar-18,64.53
13-Mar-18,64.2
14-Mar-18,63.61
15-Mar-18,63.67
16-Mar-18,64.68
19-Mar-18,64.82
20-Mar-18,66
21-Mar-18,68.15
22-Mar-18,68.98
23-Mar-18,69.03
26-Mar-18,68.81
27-Mar-18,68.63
28-Mar-18,68.13
29-Mar-18,69.02
3-Apr-18,69.02
4-Apr-18,66.04
5-Apr-18,66.54
6-Apr-18,66.51
9-Apr-18,68.19
10-Apr-18,70.67
11-Apr-18,72.74
12-Apr-18,71.44
13-Apr-18,73.18
16-Apr-18,72.05
17-Apr-18,71.71
18-Apr-18,73.73
19-Apr-18,74.85
20-Apr-18,74.62
23-Apr-18,74.54
24-Apr-18,75.86
25-Apr-18,73.79
26-Apr-18,75.39
27-Apr-18,75.33
30-Apr-18,75.92
1-May-18,74.85
2-May-18,73.14
3-May-18,73.45
4-May-18,74.75
8-May-18,74.16
9-May-18,77.6
10-May-18,77.59
11-May-18,77.37
14-May-18,78.17
15-May-18,78.94
16-May-18,78.19
17-May-18,80.09
18-May-18,78.38
21-May-18,78.34
22-May-18,80.42
23-May-18,78.69
24-May-18,78.9
25-May-18,76.6
29-May-18,74.51
30-May-18,75.89
31-May-18,76.45
1-Jun-18,74.54
4-Jun-18,73.41
5-Jun-18,72.91
6-Jun-18,73.23
7-Jun-18,75.23
8-Jun-18,75.11
11-Jun-18,74.58
12-Jun-18,74.86
13-Jun-18,75.07
14-Jun-18,74.77
15-Jun-18,72.02
18-Jun-18,74.87
19-Jun-18,74.92
20-Jun-18,74.25
21-Jun-18,72.87
22-Jun-18,73.67
25-Jun-18,72.82
26-Jun-18,73.58
27-Jun-18,76.09
28-Jun-18,76.26
29-Jun-18,77.44
2-Jul-18,76.71
3-Jul-18,75.87
4-Jul-18,76.99
5-Jul-18,77.09
6-Jul-18,74.98
9-Jul-18,77.08
10-Jul-18,77.8
11-Jul-18,75.35
12-Jul-18,72.11
13-Jul-18,74.11
16-Jul-18,71.03
17-Jul-18,70.87
18-Jul-18,70.52
19-Jul-18,71.94
20-Jul-18,71.99
23-Jul-18,73.45
24-Jul-18,73.53
25-Jul-18,73.67
26-Jul-18,74.51
27-Jul-18,74.84
30-Jul-18,74.99
31-Jul-18,74.16
1-Aug-18,72.28
2-Aug-18,72.95
3-Aug-18,72.48
6-Aug-18,72.51
7-Aug-18,72.31
8-Aug-18,70.71
9-Aug-18,70.55
10-Aug-18,71
13-Aug-18,70.62
14-Aug-18,70.77
15-Aug-18,68.38
16-Aug-18,69.21
17-Aug-18,70.14
20-Aug-18,71.11
21-Aug-18,71.65
22-Aug-18,72.96
23-Aug-18,73.73
24-Aug-18,74.41
27-Aug-18,74.41
28-Aug-18,75.91
29-Aug-18,76.07
30-Aug-18,77.05
31-Aug-18,76.94
3-Sep-18,77.81
4-Sep-18,77.51
5-Sep-18,76.68
6-Sep-18,75.67
7-Sep-18,75.55
10-Sep-18,76.77
11-Sep-18,78.22
12-Sep-18,80.02
13-Sep-18,77.66
14-Sep-18,77.87
17-Sep-18,78.22
18-Sep-18,79.25
19-Sep-18,79.43
20-Sep-18,79.03
21-Sep-18,78.9
24-Sep-18,80.89
25-Sep-18,82.21
26-Sep-18,81.87
27-Sep-18,81.54
28-Sep-18,82.72
1-Oct-18,84.94
2-Oct-18,85.63
3-Oct-18,85.45
4-Oct-18,86.07
5-Oct-18,85.12
8-Oct-18,84.22
9-Oct-18,85.16
10-Oct-18,83.82
11-Oct-18,81.35
12-Oct-18,80.71
15-Oct-18,80.91
16-Oct-18,80.53
17-Oct-18,79.91
18-Oct-18,80.3
19-Oct-18,80.38
22-Oct-18,80.45
23-Oct-18,78.67
24-Oct-18,77.34
25-Oct-18,77.3
26-Oct-18,77.4
29-Oct-18,77.56
30-Oct-18,75.68
31-Oct-18,74.84
1-Nov-18,71.25
2-Nov-18,71.11
5-Nov-18,72.68
6-Nov-18,70.64
7-Nov-18,70.1
8-Nov-18,69.29
9-Nov-18,69.01
12-Nov-18,69.81
13-Nov-18,65.45
14-Nov-18,64.88
15-Nov-18,65.61
16-Nov-18,65.29
19-Nov-18,64.14
20-Nov-18,61.5
21-Nov-18,61.65
22-Nov-18,61.11
23-Nov-18,57.69
26-Nov-18,59.7
27-Nov-18,59.58
28-Nov-18,57.97
29-Nov-18,58.29
30-Nov-18,57.71
3-Dec-18,60.17
4-Dec-18,61.22
5-Dec-18,61.4
6-Dec-18,57.83
7-Dec-18,61.71
10-Dec-18,60.29
11-Dec-18,59.73
12-Dec-18,59.94
13-Dec-18,59.03
14-Dec-18,58.56
17-Dec-18,57.59
18-Dec-18,55.26
19-Dec-18,55.6
20-Dec-18,52.84
21-Dec-18,51.93
27-Dec-18,51.49
28-Dec-18,50.57
2-Jan-19,54.06
3-Jan-19,53.23
4-Jan-19,55.64
7-Jan-19,57.1
8-Jan-19,56.91
9-Jan-19,59.46
10-Jan-19,60.47
11-Jan-19,59.24
14-Jan-19,58.8
15-Jan-19,58.65
16-Jan-19,59.81
17-Jan-19,59.85
18-Jan-19,62.04
21-Jan-19,62.18
22-Jan-19,60.9
23-Jan-19,61.05
24-Jan-19,61.09
25-Jan-19,61.49
28-Jan-19,59.71
29-Jan-19,60.98
30-Jan-19,61.89
31-Jan-19,62.46
1-Feb-19,61.86
4-Feb-19,62.26
5-Feb-19,61.67
6-Feb-19,62.22
7-Feb-19,61.01
8-Feb-19,61.37
11-Feb-19,61.3
12-Feb-19,62.58
13-Feb-19,63.27
14-Feb-19,64
15-Feb-19,65.65
18-Feb-19,66.41
19-Feb-19,65.86
20-Feb-19,66.82
21-Feb-19,66.91
22-Feb-19,66.91
25-Feb-19,64.02
26-Feb-19,64.51
27-Feb-19,65.55
28-Feb-19,65.03
1-Mar-19,63.71
4-Mar-19,64.44
5-Mar-19,64.24
6-Mar-19,64.51
7-Mar-19,64.82
8-Mar-19,65.66
11-Mar-19,65.06
12-Mar-19,65.33
13-Mar-19,65.89
14-Mar-19,66.18
15-Mar-19,66.11
18-Mar-19,66.65
19-Mar-19,67.13
20-Mar-19,68.35
21-Mar-19,68.3
22-Mar-19,66.29
25-Mar-19,67.37
26-Mar-19,67.51
27-Mar-19,67.35
28-Mar-19,66.08
29-Mar-19,67.93
1-Apr-19,69.08
2-Apr-19,69.68
3-Apr-19,69.21
4-Apr-19,69.8
5-Apr-19,69.93
8-Apr-19,71.12
9-Apr-19,71.02
10-Apr-19,71.63
11-Apr-19,71.3
12-Apr-19,71.57
15-Apr-19,70.9
16-Apr-19,70.74
17-Apr-19,71.14
18-Apr-19,70.71
22-Apr-19,70.71
23-Apr-19,74.39
24-Apr-19,73.59
25-Apr-19,74.94
26-Apr-19,71.03
29-Apr-19,71.22
30-Apr-19,72.19
1-May-19,72.01
2-May-19,70.56
3-May-19,71.95
6-May-19,71.95
7-May-19,70.98
8-May-19,71.09
9-May-19,70.61
10-May-19,71.63
13-May-19,72.35
14-May-19,72.53
15-May-19,73.09
16-May-19,74.7
17-May-19,73.94
20-May-19,73.21
21-May-19,72.94
22-May-19,71.94
23-May-19,68.37
24-May-19,67.98
28-May-19,70.19
29-May-19,70.64
30-May-19,69.55
31-May-19,66.78
3-Jun-19,63.16
4-Jun-19,63.56
5-Jun-19,62.14
6-Jun-19,62.77
7-Jun-19,64.1
10-Jun-19,64.31
11-Jun-19,63.56
12-Jun-19,61.66
13-Jun-19,63.28
14-Jun-19,63.13
17-Jun-19,62.56
18-Jun-19,63.35
19-Jun-19,62.85
20-Jun-19,65.44
21-Jun-19,65.99
24-Jun-19,65.16
25-Jun-19,66.24
26-Jun-19,66.85
27-Jun-19,66.78
28-Jun-19,67.52
1-Jul-19,65.1
2-Jul-19,62.72
3-Jul-19,63.53
4-Jul-19,63.62
5-Jul-19,64.23
8-Jul-19,64.89
9-Jul-19,64.3
10-Jul-19,66.41
11-Jul-19,67.64
12-Jul-19,66.65
15-Jul-19,66.86
16-Jul-19,65.87
17-Jul-19,63.67
18-Jul-19,60.7
19-Jul-19,61.04
22-Jul-19,61.96
23-Jul-19,62.28
24-Jul-19,63.83
25-Jul-19,63.47
26-Jul-19,62.46
29-Jul-19,62.29
30-Jul-19,62.55
31-Jul-19,64.07
1-Aug-19,62.9
2-Aug-19,61.12
5-Aug-19,59.32
6-Aug-19,58.63
7-Aug-19,55.03
8-Aug-19,56.29
9-Aug-19,57.37
12-Aug-19,57.13
13-Aug-19,59.9
14-Aug-19,57.86
15-Aug-19,57.37
16-Aug-19,59
19-Aug-19,59.79
20-Aug-19,59.03
21-Aug-19,60.6
22-Aug-19,59.81
23-Aug-19,58.64
26-Aug-19,58.64
27-Aug-19,58.44
28-Aug-19,60.42
29-Aug-19,60.59
30-Aug-19,61.04
2-Sep-19,58.55
3-Sep-19,57.93
4-Sep-19,60.68
5-Sep-19,62.7
6-Sep-19,61.28
9-Sep-19,63.99
10-Sep-19,64.67
11-Sep-19,63.02
12-Sep-19,60.76
13-Sep-19,61.25
16-Sep-19,68.42
17-Sep-19,65.59
18-Sep-19,64.29
19-Sep-19,64.25
20-Sep-19,65.23
23-Sep-19,64.66
24-Sep-19,64.13
25-Sep-19,62.41
26-Sep-19,62.08
27-Sep-19,62.48
30-Sep-19,60.99
1-Oct-19,60.06
2-Oct-19,57.92
3-Oct-19,58.01
4-Oct-19,59.13
7-Oct-19,59.46
8-Oct-19,58.14
9-Oct-19,59.7
10-Oct-19,59.08
11-Oct-19,60.59
14-Oct-19,58.81
15-Oct-19,59.19
16-Oct-19,59.3
17-Oct-19,59.35
18-Oct-19,59.96
21-Oct-19,58.95
22-Oct-19,60.5
23-Oct-19,60.52
24-Oct-19,61.71
25-Oct-19,62.06
28-Oct-19,60.39
29-Oct-19,61.05
30-Oct-19,60.22
31-Oct-19,59.3
1-Nov-19,60.17
4-Nov-19,62.52
5-Nov-19,62.72
6-Nov-19,62.11
7-Nov-19,62.6
8-Nov-19,62
11-Nov-19,62.58
12-Nov-19,62.19
13-Nov-19,62.27
14-Nov-19,62.46
15-Nov-19,63.32
18-Nov-19,62.82
19-Nov-19,62.37
20-Nov-19,63.8
21-Nov-19,64.99
22-Nov-19,64.83
25-Nov-19,64.67
26-Nov-19,64.82
27-Nov-19,65.03
28-Nov-19,64.68
29-Nov-19,64.5
2-Dec-19,63.2
3-Dec-19,62.95
4-Dec-19,65.25
5-Dec-19,65.67
6-Dec-19,66.5
9-Dec-19,66.44
10-Dec-19,66.57
11-Dec-19,65.37
12-Dec-19,66.67
13-Dec-19,67.44
16-Dec-19,68.04
17-Dec-19,68.99
18-Dec-19,69.12
19-Dec-19,69.7
20-Dec-19,68.66
23-Dec-19,67.49
24-Dec-19,69.26
25-Dec-19,69.26
26-Dec-19,69.26
27-Dec-19,68.91
30-Dec-19,68.3
31-Dec-19,67.77
1-Jan-20,67.77
2-Jan-20,67.05
3-Jan-20,69.08
6-Jan-20,70.25
7-Jan-20,68.74
8-Jan-20,67.31
9-Jan-20,66.58
10-Jan-20,66.77
13-Jan-20,64.14
14-Jan-20,64.45
15-Jan-20,63.29
16-Jan-20,64.63
17-Jan-20,64.05
20-Jan-20,64.63
21-Jan-20,63.66
22-Jan-20,62.11
23-Jan-20,61.26
24-Jan-20,59.34
27-Jan-20,58.54
28-Jan-20,59.37
29-Jan-20,59.46
30-Jan-20,57.72
31-Jan-20,57.77
3-Feb-20,54
4-Feb-20,53.9
5-Feb-20,55.36
6-Feb-20,55.18
7-Feb-20,54.53
10-Feb-20,53.39
11-Feb-20,54
12-Feb-20,55.54
13-Feb-20,56.34
14-Feb-20,57.37
17-Feb-20,57.83
18-Feb-20,57.35
19-Feb-20,59.72
20-Feb-20,59.72
21-Feb-20,58.6
24-Feb-20,56.04
25-Feb-20,56.71
26-Feb-20,54.96
27-Feb-20,52.19
28-Feb-20,51.31
2-Mar-20,52.52
3-Mar-20,52.24
4-Mar-20,51.86
5-Mar-20,51.29
6-Mar-20,45.6
9-Mar-20,35.33
10-Mar-20,36.66
11-Mar-20,34.45
12-Mar-20,31.05
13-Mar-20,33
16-Mar-20,28.04
17-Mar-20,28.04
18-Mar-20,26.93
19-Mar-20,23.3
20-Mar-20,25.4
23-Mar-20,25.06
24-Mar-20,23.75
25-Mar-20,25.62
26-Mar-20,23.55
27-Mar-20,22.39
30-Mar-20,19.07
31-Mar-20,19.19
1-Apr-20,14.97
2-Apr-20,20.24
3-Apr-20,24.33
6-Apr-20,22.58
7-Apr-20,22.1
8-Apr-20,25.22
9-Apr-20,20.23
14-Apr-20,21.74
15-Apr-20,19.8
16-Apr-20,18.69
17-Apr-20,19.75
20-Apr-20,17.36
21-Apr-20,9.12
,
,
,
,
,
,
,
,
,
,
,
,
,
,
,
,
,
,
,
,
,
,
,
,
,
,
,
,
,
,
,
,
,
,
,
,
,
,
,
,
,
,
,
,
,
,
,
,
,
,
,
,
,
,
,
,
,
,
,
,
,
,
,
,
,
,
,
,
,
,
,
,
,
,
,
,
,
,
,
,
,
,
,
,
,
,
,
,
,
,
,
,
,
,
,
,
,
,
,
,
,
,
,
,
,
,
,
,
,
,
,
,
,
,
,
,
,
,
,
,
,
,
,
,
,
,
,
,
,
,
,
,
,
,
,
,
,
,
,
,
,
,
,
,
,
,
,
,
,
,
,
,
,
,
,
,
,
,
,
,
,
,
,
,
,
,
,
,
,
,
,
,
,
,
,
,
,
,
,
,
,
,
,
,
,
,
,
,
,
,
,
,
,
,
,
,
,
,
,
,
,
,
,
,
,
,
,
,
,
,
,
,
,
,
,
,
,
,
,
,
,
,
,
,
,
,
,
,
,
,
,
,
,
,
,
,
,
,
,
,
,
,
,
,
,
,
,
,
,
,
,
,
,
,
,
,
,
,
,
,
,
,
,
,
,
,
,
,
,
,
,
,
,
,
,
,
,
,
,
,
,
,
,
,
,
,
,
,
,
,
,
,
,
,
,
,
,
,
,
,
,
,
,
,
,
,
,
,
,
,
,
,
,
,
,
,
,
,
,
,
,
,
,
,
,
,
,
,
,
,
,
,
,
,
,
,
,
,
,
,
,
,
,
,
,
,
,
,
,
,
,
,
,
,
,
,
,
,
,
,
,
,
,
,
,
,
,
,
,
,
,
,
,
,
,
,
,
,
,
,
,
,
,
,
,
,
,
,
,
,
,
,
,
,
,
,
,
,
,
,
,
,
,
,
,
,
,
,
,
,
,
,
,
,
,
,
,
,
,
,
,
,
,
,
,
,
,
,
,
,
,
,
,
,
,
,
,
,
,
,
,
,
,
,
,
,
,
,
,
,
,
,
,
,
,
,
,
,
,
,
,
,
,
,
,
,
,
,
,
,
,
,
,
,
,
,
,
,
,
,
,
,
,
,
,
,
,
,
,
,
,
,
,
,
,
,
,
,
,
,
,
,
,
,
,
,
,
,
,
,
,
,
,
,
,
,
,
,
,
,
,
,
,
,
,
,
,
,
,
,
,
,
,
,
,
,
,
,
,
,
,
,
,
,
,
,
,
,
,
,
,
,
,
,
,
,
,
,
,
,
,
,
,
,
,
,
,
,
,
,
,
,
,
,
,
,
,
,
,
,
,
,
,
,
,
,
,
,
,
,
,
,
,
,
,
,
,
,
,
,
,
,
,
,
,
,
,
,
,
,
,
,
,
,
,
,
,
,
,
,
,
,
,
,
,
,
,
,
,
,
,
,
,
,
,
,
,
,
,
,
,
,
,
,
,
,
,
,
,
,
,
,
,
,
,
,
,
,
,
,
,
,
,
,
,
,
,
,
,
,
,
,
,
,
,
,
,
,
,
,
,
,
,
,
,
,
,
,
,
,
,
,
,
,
,
,
,
,
,
,
,
,
,
,
,
,
,
,
,
,
,
,
,
,
,
,
,
,
,
,
,
,
,
,
,
,
,
,
,
,
,
,
,
,
,
,
,
,
,
,
,
,
,
,
,
,
,
,
,
,
,
,
,
,
,
,
,
,
,
,
,
,
,
,
,
,
,
,
,
,
,
,
,
,
,
,
,
,
,
,
,
,
,
,
,
,
,
,
,
,
,
,
,
,
,
,
,
,
,
,
,
,
,
,
,
,
,
,
,
,
,
,
,
,
,
,
,
,
,
,
,
,
,
,
,
,
,
,
,
,
,
,
,
,
,
,
,
,
,
,
,
,
,
,
,
,
,
,
,
,
,
,
,
,
,
,
,
,
,
,
,
,
,
,
,
,
,
,
,
,
,
,
,
,
,
,
,
,
,
,
,
,
,
,
,
,
,
,
,
,
,
,
,
,
,
,
,
,
,
,
,
,
,
,
,
,
,
,
,
,
,
,
,
,
,
,
,
,
,
,
,
,
,
,
,
,
,
,
,
,
,
,
,
,
,
,
,
,
,
,
,
,
,
,
,
,
,
,
,
,
,
,
,
,
,
,
,
,
,
,
,
,
,
,
,
,
,
,
,
,
,
,
,
,
,
,
,
,
,
,
,
,
,
,
,
,
,
,
,
,
,
,
,
,
,
,
,
,
,
,
,
,
,
,
,
,
,
,
,
,
,
,
,
,
,
,
,
,
,
,
,
,
,
,
,
,
,
,
,
,
,
,
,
,
,
,
,
,
,
,
,
,
,
,
,
,
,
,
,
,
,
,
,
,
,
,
,
,
,
,
,
,
,
,
,
,
,
,
,
,
,
,
,
,
,
,
,
,
,
,
,
,
,
,
,
,
,
,
,
,
,
,
,
,
,
,
,
,
,
,
,
,
,
,
,
,
,
,
,
,
,
,
,
,
,
,
,
,
,
,
,
,
,
,
,
,
,
,
,
,
,
,
,
,
,
,
,
,
,
,
,
,
,
,
,
,
,
,
,
,
,
,
,
,
,
,
,
,
,
,
,
,
,
,
,
,
,
,
,
,
,
,
,
,
,
,
,
,
,
,
,
,
,
,
,
,
,
,
,
,
,
,
,
,
,
,
,
,
,
,
,
,
,
,
,
,
,
,
,
,
,
,
,
,
,
,
,
,
,
,
,
,
,
,
,
,
,
,
,
,
,
,
,
,
,
,
,
,
,
,
,
,
,
,
,
,
,
,
,
,
,
,
,
,
,
,
,
,
,
,
,
,
,
,
,
,
,
,
,
,
,
,
,
,
,
,
,
,
,
,
,
,
,
,
,
,
,
,
,
,
,
,
,
,
,
,
,
,
,
,
,
,
,
,
,
,
,
,
,
,
,
,
,
,
,
,
,
,
,
,
,
,
,
,
,
,
,
,
,
,
,
,
,
,
,
,
,
,
,
,
,
,
,
,
,
,
,
,
,
,
,
,
,
,
,
,
,
,
,
,
,
,
,
,
,
,
,
,
,
,
,
,
,
,
,
,
,
,
,
,
,
,
,
,
,
,
,
,
,
,
,
,
,
,
,
,
,
,
,
,
,
,
,
,
,
,
,
,
,
,
,
,
,
,
,
,
,
,
,
,
,
,
,
,
,
,
,
,
,
,
,
,
,
,
,
,
,
,
,
,
,
,
,
,
,
,
,
,
,
,
,
,
,
,
,
,
,
,
,
,
,
,
,
,
,
,
,
,
,
,
,
,
,
,
,
,
,
,
,
,
,
,
,
,
,
,
,
,
,
,
,
,
,
,
,
,
,
,
,
,
,
,
,
,
,
,
,
,
,
,
,
,
,
,
,
,
,
,
,
,
,
,
,
,
,
,
,
,
,
,
,
,
,
,
,
,
,
,
,
,
,
,
,
,
,
,
,
,
,
,
,
,
,
,
,
,
,
,
,
,
,
,
,
,
,
,
,
,
,
,
,
,
,
,
,
,
,
,
,
,
,
,
,
,
,
,
,
,
,
,
,
,
,
,
,
,
,
,
,
,
,
,
,
,
,
,
,
,
,
,
,
,
,
,
,
,
,
,
,
,
,
,
,
,
,
,
,
,
,
,
,
,
,
,
,
,
,
,
,
,
,
,
,
,
,
,
,
,
,
,
,
,
,
,
,
,
,
,
,
,
,
,
,
,
,
,
,
,
,
,
,
,
,
,
,
,
,
,
,
,
,
,
,
,
,
,
,
,
,
,
,
,
,
,
,
,
,
,
,
,
,
,
,
,
,
,
,
,
,
,
,
,
,
,
,
,
,
,
,
,
,
,
,
,
,
,
,
,
,
,
,
,
,
,
,
,
,
,
,
,
,
,
,
,
,
,
,
,
,
,
,
,
,
,
,
,
,
,
,
,
,
,
,
,
,
,
,
,
,
,
,
,
,
,
,
,
,
,
,
,
,
,
,
,
,
,
,
,
,
,
,
,
,
,
,
,
,
,
,
,
,
,
,
,
,
,
,
,
,
,
,
,
,
,
,
,
,
,
,
,
,
,
,
,
,
,
,
,
,
,
,
,
,
,
,
,
,
,
,
,
,
,
,
,
,
,
,
,
,
,
,
,
,
,
,
,
,
,
,
,
,
,
,
,
,
,
,
,
,
,
,
,
,
,
,
,
,
,
,
,
,
,
,
,
,
,
,
,
,
,
,
,
,
,
,
,
,
,
,
,
,
,
,
,
,
,
,
,
,
,
,
,
,
,
,
,
,
,
,
,
,
,
,
,
,
,
,
,
,
,
,
,
,
,
,
,
,
,
,
,
,
,
,
,
,
,
,
,
,
,
,
,
,
,
,
,
,
,
,
,
,
,
,
,
,
,
,
,
,
,
,
,
,
,
,
,
,
,
,
,
,
,
,
,
,
,
,
,
,
,
,
,
,
,
,
,
,
,
,
,
,
,
,
,
,
,
,
,
,
,
,
,
,
,
,
,
,
,
,
,
,
,
,
,
,
,
,
,
,
,
,
,
,
,
,
,
,
,
,
,
,
,
,
,
,
,
,
,
,
,
,
,
,
,
,
,
,
,
,
,
,
,
,
,
,
,
,
,
,
,
,
,
,
,
,
,
,
,
,
,
,
,
,
,
,
,
,
,
,
,
,
,
,
,
,
,
,
,
,
,
,
,
,
,
,
,
,
,
,
,
,
,
,
,
,
,
,
,
,
,
,
,
,
,
,
,
,
,
,
,
,
,
,
,
,
,
,
,
,
,
,
,
,
,
,
,
,
,
,
,
,
,
,
,
,
,
,
,
,
,
,
,
,
,
,
,
,
,
,
,
,
,
,
,
,
,
,
,
,
,
,
,
,
,
,
,
,
,
,
,
,
,
,
,
,
,
,
,
,
,
,
,
,
,
,
,
,
,
,
,
,
,
,
,
,
,
,
,
,
,
,
,
,
,
,
,
,
,
,
,
,
,
,
,
,
,
,
,
,
,
,
,
,
,
,
,
,
,
,
,
,
,
,
,
,
,
,
,
,
,
,
,
,
,
,
,
,
,
,
,
,
,
,
,