Date,Adj Close,Volume
4/16/08,9203.759766,4260370000
4/17/08,9173.80957,3713880000
4/18/08,9310.240234,4222380000
4/21/08,9312.290039,3420570000
4/22/08,9227.969727,3821900000
4/23/08,9237.290039,4103610000
4/24/08,9250.219727,4461660000
4/25/08,9344.30957,3891150000
4/28/08,9349.610352,3607000000
4/29/08,9285.910156,3815320000
4/30/08,9299.599609,4508890000
5/1/08,9395.040039,4448780000
5/2/08,9451.169922,0
5/5/08,9438.099609,3410090000
5/6/08,9510.980469,3924100000
5/7/08,9339.469727,4075860000
5/8/08,9388.540039,3827550000
5/9/08,9327.969727,3518620000
5/12/08,9417.969727,3370630000
5/13/08,9410.459961,4018590000
5/14/08,9437.450195,3979370000
5/15/08,9553.519531,3836480000
5/16/08,9603.009766,3842590000
5/19/08,9602.780273,3683970000
5/20/08,9536.009766,3854320000
5/21/08,9397.030273,4517990000
5/22/08,9433.349609,3955960000
5/23/08,9315.780273,3516380000
5/27/08,9314.019531,3588860000
5/28/08,9364.339844,3927240000
5/29/08,9371.870117,3894440000
5/30/08,9401.080078,3845630000
6/2/08,9316.610352,3714320000
6/3/08,9262,4396380000
6/4/08,9212.759766,4338640000
6/5/08,9408.490234,4350790000
6/6/08,9152.509766,4771660000
6/9/08,9149.089844,4404570000
6/10/08,9067.099609,4635070000
6/11/08,8941.269531,4779980000
6/12/08,8947.730469,4734240000
6/13/08,9063.230469,4080420000
6/16/08,9087.879883,3706940000
6/17/08,9074.410156,3801960000
6/18/08,8999.55957,4573570000
6/19/08,8988.839844,4811670000
6/20/08,8829.25,5324900000
6/23/08,8841.889648,4186370000
6/24/08,8803.339844,4705050000
6/25/08,8865.799805,4825640000
6/26/08,8640.740234,5231280000
6/27/08,8623.509766,6208260000
6/30/08,8660.480469,5032330000
7/1/08,8641.280273,5846290000
7/2/08,8465.509766,5276090000
7/3/08,8481.540039,3247590000
7/7/08,8400.209961,5265420000
7/8/08,8515.790039,6034110000
7/9/08,8371.629883,5181000000
7/10/08,8435.94043,5840430000
7/11/08,8347.240234,6742200000
7/14/08,8287.759766,5434860000
7/15/08,8157.799805,7363640000
7/16/08,8332.820313,6738630000
7/17/08,8415.049805,7365210000
7/18/08,8453.849609,5653280000
7/21/08,8499.740234,4630640000
7/22/08,8566.650391,6180230000
7/23/08,8580.570313,6705830000
7/24/08,8369.910156,6127980000
7/25/08,8395.580078,4672560000
7/28/08,8260.19043,4282960000
7/29/08,8419.200195,5414240000
7/30/08,8565.30957,5631330000
7/31/08,8438.639648,5346050000
8/1/08,8379.150391,4684870000
8/4/08,8268.650391,4562280000
8/5/08,8471.849609,1219310000
8/6/08,8501.44043,4873420000
8/7/08,8338.400391,5319380000
8/8/08,8460.320313,4966810000
8/11/08,8492.94043,5067310000
8/12/08,8398.709961,4711290000
8/13/08,8375.389648,4787600000
8/14/08,8385.969727,4064000000
8/15/08,8383.669922,4041820000
8/18/08,8281.860352,3829290000
8/19/08,8212.469727,4159760000
8/20/08,8276.910156,4555030000
8/21/08,8314.139648,4032590000
8/22/08,8373.549805,3741070000
8/25/08,8229.030273,3420600000
8/26/08,8263.719727,3587570000
8/27/08,8349.839844,3499610000
8/28/08,8466.120117,3854280000
8/29/08,8382.080078,3288120000
9/2/08,8296.969727,4783560000
9/3/08,8269.25,5056980000
9/4/08,8008.25,5212500000
9/5/08,8033.759766,5017080000
9/8/08,8168.620117,7351340000
9/9/08,7871.149902,7380630000
9/10/08,7957.259766,6543440000
9/11/08,8011.25,6869250000
9/12/08,8091.839844,6273260000
9/15/08,7680.149902,8279510000
9/16/08,7793.129883,9459830000
9/17/08,7440.390137,9431870000
9/18/08,7775.160156,10082690000
9/19/08,8187.129883,9387170000
9/22/08,7918.609863,5368130000
9/23/08,7785.27002,5185730000
9/24/08,7768.819824,4820360000
9/25/08,7927.870117,5877640000
9/26/08,7890.370117,5383610000
9/29/08,7204.009766,7305060000
9/30/08,7532.799805,6065000000
10/1/08,7519.950195,5782130000
10/2/08,7155.410156,6285640000
10/3/08,7088.939941,6716120000
10/6/08,6754.910156,7956020000
10/7/08,6388.379883,7069210000
10/8/08,6306.350098,8716330000
10/9/08,5809.97998,8285670000
10/10/08,5704.129883,11456230000
10/13/08,6400.959961,7263370000
10/14/08,6380.529785,8161990000
10/15/08,5759.959961,6542330000
10/16/08,5970.899902,7984500000
10/17/08,5948.799805,6581780000
10/20/08,6287.600098,5175640000
10/21/08,6051.339844,5121830000
10/22/08,5630.470215,6147980000
10/23/08,5671.930176,7189900000
10/24/08,5427.540039,6550050000
10/27/08,5196.529785,5558050000
10/28/08,5733.450195,7096950000
10/29/08,5774.890137,7077800000
10/30/08,5975.029785,6175830000
10/31/08,6061.089844,6394350000
11/3/08,6054.97998,4492280000
11/4/08,6345.089844,5531290000
11/5/08,6012.169922,5426640000
11/6/08,5667.399902,6102230000
11/7/08,5871.97998,4931640000
11/10/08,5802.049805,4572000000
11/11/08,5634.370117,4998340000
11/12/08,5320.700195,5764180000
11/13/08,5715.790039,7849120000
11/14/08,5452.629883,5881030000
11/17/08,5323.359863,4927490000
11/18/08,5365.660156,6679470000
11/19/08,5011.990234,6548600000
11/20/08,4651.209961,9093740000
11/21/08,4959.790039,9495900000
11/24/08,5313.759766,7879440000
11/25/08,5375.359863,6952700000
11/26/08,5547.379883,5793260000
11/28/08,5599.299805,2740860000
12/1/08,5092.660156,6052010000
12/2/08,5308.950195,6170100000
12/3/08,5405.549805,6221880000
12/4/08,5232.259766,5860390000
12/5/08,5401.25,6165370000
12/8/08,5639.680176,6553600000
12/9/08,5522.459961,5693110000
12/10/08,5631.069824,5942130000
12/11/08,5504.72998,5513840000
12/12/08,5543.959961,5959590000
12/15/08,5497.899902,4982390000
12/16/08,5804.970215,6009780000
12/17/08,5769.799805,5907380000
12/18/08,5617.759766,5675000000
12/19/08,5616.120117,6705310000
12/22/08,5520.819824,4869850000
12/23/08,5468.279785,4051970000
12/24/08,5487.330078,1546550000
12/26/08,5538.189941,1880050000
12/29/08,5534.640137,3323430000
12/30/08,5670,3627800000
12/31/08,5757.049805,4172940000
1/2/09,5915.72998,4048270000
1/5/09,5908.430176,5413910000
1/6/09,5968.839844,5392620000
1/7/09,5799.049805,4704940000
1/8/09,5837.140137,4991550000
1/9/09,5702.370117,4716500000
1/12/09,5551.029785,4725050000
1/13/09,5538.839844,5567460000
1/14/09,5328.680176,5407880000
1/15/09,5347.75,7807350000
1/16/09,5387.5,6786040000
1/20/09,5058.060059,6375230000
1/21/09,5273.990234,6467830000
1/22/09,5171.680176,5843830000
1/23/09,5195.549805,5832160000
1/26/09,5244.609863,6039940000
1/27/09,5315.439941,5353260000
1/28/09,5501.459961,6199180000
1/29/09,5300.899902,5067060000
1/30/09,5195.790039,5350580000
2/2/09,5166.470215,5673270000
2/3/09,5268.02002,5886310000
2/4/09,5242.75,6420450000
2/5/09,5326.009766,6624030000
2/6/09,5475.279785,6484100000
2/9/09,5479.879883,5574370000
2/10/09,5214.709961,6770170000
2/11/09,5252.680176,5926460000
2/12/09,5256.450195,6476460000
2/13/09,5206.759766,5296650000
2/17/09,4939.109863,5907820000
2/18/09,4924.540039,5740710000
2/19/09,4881.160156,5746940000
2/20/09,4804.509766,8210590000
2/23/09,4633.779785,6509300000
2/24/09,4821.740234,7234490000
2/25/09,4753.169922,7483640000
2/26/09,4713.02002,7599970000
2/27/09,4617.029785,8926480000
3/2/09,4360.97998,7868290000
3/3/09,4334.700195,7583230000
3/4/09,4464.890137,7673620000
3/5/09,4267.600098,7507250000
3/6/09,4284.490234,7331830000
3/9/09,4226.310059,7277320000
3/10/09,4499.379883,8618330000
3/11/09,4505.379883,7287810000
3/12/09,4684.990234,7326630000
3/13/09,4721,6787090000
3/16/09,4728.910156,7883540000
3/17/09,4868.140137,6156800000
3/18/09,4975.299805,9098450000
3/19/09,4937.220215,9033870000
3/20/09,4832.129883,7643720000
3/23/09,5185.859863,7715770000
3/24/09,5064.330078,6767980000
3/25/09,5127,7687180000
3/26/09,5230.529785,6992960000
3/27/09,5096.640137,5600210000
3/30/09,4899.049805,5912660000
3/31/09,4978.97998,6089100000
4/1/09,5085.759766,6034140000
4/2/09,5267.100098,7542810000
4/3/09,5318.75,5855640000
4/6/09,5249.47998,6210000000
4/7/09,5120.669922,5155580000
4/8/09,5176.410156,5938460000
4/9/09,5376.439941,7600710000
4/13/09,5410.279785,6434890000
4/14/09,5301.5,7569840000
4/15/09,5384.970215,6241100000
4/16/09,5454.27002,6598670000
4/17/09,5480.600098,7352010000
4/20/09,5220.120117,6973960000
4/21/09,5339.589844,7436490000
4/22/09,5290.609863,7327860000
4/23/09,5372.100098,6563100000
4/24/09,5468.410156,7114440000
4/27/09,5389.830078,5613460000
4/28/09,5369.850098,6328000000
4/29/09,5516.140137,6101620000
4/30/09,5513.359863,6862540000
5/1/09,5568.759766,5312170000
5/4/09,5800.220215,7038840000
5/5/09,5770.759766,6882860000
5/6/09,5890.549805,8555040000
5/7/09,5800.089844,9120100000
5/8/09,6000.390137,8163280000
5/11/09,5849.299805,6150600000
5/12/09,5859.140137,6871750000
5/13/09,5666.470215,7091820000
5/14/09,5733.450195,6134870000
5/15/09,5662.890137,5439720000
5/18/09,5865.870117,5702150000
5/19/09,5872.220215,6616270000
5/20/09,5870.390137,8205060000
5/21/09,5780.540039,6019840000
5/22/09,5789.620117,5155320000
5/26/09,5936.580078,5667050000
5/27/09,5823.560059,5698800000
5/28/09,5917.060059,5738980000
5/29/09,6004.069824,6050420000
6/1/09,6169.069824,6370440000
6/2/09,6182.870117,5987340000
6/3/09,6033.899902,5323770000
6/4/09,6110.759766,5352890000
6/5/09,6082.640137,5277910000
6/8/09,6068.560059,4483430000
6/9/09,6101.569824,4439950000
6/10/09,6098.060059,5379420000
6/11/09,6163.129883,5500840000
6/12/09,6148.609863,4528120000
6/15/09,5967.259766,4697880000
6/16/09,5886.759766,4951200000
6/17/09,5864.549805,5523650000
6/18/09,5906.200195,4684010000
6/19/09,5934.240234,5713390000
6/22/09,5725.069824,4903940000
6/23/09,5759.490234,5071020000
6/24/09,5795.720215,4636720000
6/25/09,5911.029785,4911240000
6/26/09,5906.959961,6076660000
6/29/09,5962.5,4211760000
6/30/09,5905.149902,4627570000
7/1/09,5954.009766,3919400000
7/2/09,5775.240234,3931000000
7/6/09,5770,4712580000
7/7/09,5654.640137,4673300000
7/8/09,5624.569824,5721780000
7/9/09,5667.370117,4347170000
7/10/09,5627.52002,3912080000
7/13/09,5761.370117,4499440000
7/14/09,5805.580078,4149030000
7/15/09,5993.160156,5238830000
7/16/09,6043.049805,4898640000
7/17/09,6038.109863,5141380000
7/20/09,6141.299805,4853150000
7/21/09,6154.390137,5309300000
7/22/09,6151.399902,4634100000
7/23/09,6302.52002,5761650000
7/24/09,6337.459961,4458300000
7/27/09,6364.660156,4631290000
7/28/09,6328.669922,5490350000
7/29/09,6280.569824,5178770000
7/30/09,6384.310059,6035180000
7/31/09,6424.279785,5139070000
8/3/09,6565.649902,5603440000
8/4/09,6569.140137,5713700000
8/5/09,6558.189941,7242120000
8/6/09,6517.669922,6753380000
8/7/09,6586.709961,6827090000
8/10/09,6550.049805,5406080000
8/11/09,6463.620117,5773160000
8/12/09,6538.870117,5498170000
8/13/09,6604.100098,5250660000
8/14/09,6537.819824,4940750000
8/17/09,6352.109863,4854970000
8/18/09,6437.069824,4198970000
8/19/09,6479.279785,4257000000
8/20/09,6553.399902,4893160000
8/21/09,6676.259766,5885550000
8/24/09,6671.140137,6302450000
8/25/09,6697.220215,5768740000
8/26/09,6687.939941,5080060000
8/27/09,6722.310059,5785880000
8/28/09,6709.040039,5785780000
8/31/09,6643.240234,5004560000
9/1/09,6487.810059,6862360000
9/2/09,6474.790039,5842730000
9/3/09,6546.600098,4624280000
9/4/09,6637.129883,4097370000
9/8/09,6726.069824,5235160000
9/9/09,6772.399902,5202550000
9/10/09,6850.810059,5191380000
9/11/09,6843.819824,4922600000
9/14/09,6879.990234,4979610000
9/15/09,6917.069824,6185620000
9/16/09,7038.140137,6793530000
9/17/09,7002.169922,6668110000
9/18/09,7016.919922,5607970000
9/21/09,6968.589844,4615280000
9/22/09,7047.129883,5246600000
9/23/09,6964.689941,5531930000
9/24/09,6862.310059,5505610000
9/25/09,6823.509766,4507090000
9/28/09,6939.759766,3726950000
9/29/09,6926.819824,4949900000
9/30/09,6910.879883,5998860000
10/1/09,6718.049805,5791450000
10/2/09,6674.569824,5583240000
10/5/09,6795.129883,4313310000
10/6/09,6899.680176,5029840000
10/7/09,6912.649902,4238220000
10/8/09,6990.669922,4988400000
10/9/09,7015.540039,3763780000
10/12/09,7051.160156,3710430000
10/13/09,7031.870117,4320480000
10/14/09,7182.379883,5406420000
10/15/09,7204.049805,5369780000
10/16/09,7133.959961,4894740000
10/19/09,7222.209961,4619240000
10/20/09,7158.27002,5396930000
10/21/09,7107.209961,5616290000
10/22/09,7182.910156,5192410000
10/23/09,7066.799805,4767460000
10/26/09,6960.089844,6363380000
10/27/09,6932.040039,5337380000
10/28/09,6765.689941,6600350000
10/29/09,6955.310059,5595040000
10/30/09,6739.450195,6512420000
11/2/09,6784.939941,6202640000
11/3/09,6812.700195,5487500000
11/4/09,6830.430176,5635510000
11/5/09,6950.140137,4848350000
11/6/09,6958.290039,4277130000
11/9/09,7135.330078,4460030000
11/10/09,7126.419922,4394770000
11/11/09,7155.359863,4286700000
11/12/09,7063.049805,4160250000
11/13/09,7119.890137,3792610000
11/16/09,7237.100098,4565850000
11/17/09,7234.060059,3824070000
11/18/09,7226.709961,4293340000
11/19/09,7117.640137,4178030000
11/20/09,7084.470215,3751230000
11/23/09,7186.330078,3827920000
11/24/09,7170.259766,3700820000
11/25/09,7232.120117,3036350000
11/27/09,7070.089844,2362910000
11/30/09,7092.359863,3895520000
12/1/09,7212.080078,4249310000
12/2/09,7222.419922,3941340000
12/3/09,7157.049805,4810030000
12/4/09,7182.709961,0
12/7/09,7155.72998,4103360000
12/8/09,7056.259766,4748030000
12/9/09,7067.620117,4115410000
12/10/09,7104.5,3996490000
12/11/09,7125.120117,3791090000
12/14/09,7186.490234,4548490000
12/15/09,7141.439941,5045100000
12/16/09,7180.77002,4829820000
12/17/09,7063.75,7615070000
12/18/09,7086.189941,6325890000
12/21/09,7147.149902,3977340000
12/22/09,7184.180176,3641130000
12/23/09,7217.200195,3166870000
12/24/09,7255,1267710000
12/28/09,7261.240234,2716400000
12/29/09,7252.189941,2491020000
12/30/09,7241.240234,2277300000
12/31/09,7184.959961,2076990000
1/4/10,7326.740234,3991400000
1/5/10,7354.870117,2491020000
1/6/10,7377.700195,4972660000
1/7/10,7393.930176,5270680000
1/8/10,7425.350098,4389590000
1/11/10,7449.049805,4255780000
1/12/10,7370.450195,4716160000
1/13/10,7430.140137,4170360000
1/14/10,7448.52002,3915200000
1/15/10,7356.790039,4758730000
1/19/10,7443.680176,4724830000
1/20/10,7329.830078,4810560000
1/21/10,7174.459961,6874290000
1/22/10,7030.609863,6208650000
1/25/10,7073.129883,4481390000
1/26/10,7028.319824,4731910000
1/27/10,7035.609863,5319120000
1/28/10,6956.990234,5452400000
1/29/10,6883.779785,5412850000
2/1/10,7008.22998,4077610000
2/2/10,7101.439941,4749540000
2/3/10,7042.620117,4285450000
2/4/10,6787.859863,5859690000
2/5/10,6782.75,6438900000
2/8/10,6713.870117,4089820000
2/9/10,6835.160156,5114260000
2/10/10,6819.120117,4251450000
2/11/10,6898.720215,4400870000
2/12/10,6874.560059,4160680000
2/16/10,7013.350098,4080770000
2/17/10,7035.200195,4259230000
2/18/10,7080.379883,3878620000
2/19/10,7083.25,3944280000
2/22/10,7078.529785,3814440000
2/23/10,6974.600098,4521050000
2/24/10,7030.669922,4168360000
2/25/10,7013.450195,4521130000
2/26/10,7035.040039,3945190000
3/1/10,7100.75,3847640000
3/2/10,7135.970215,4134680000
3/3/10,7164.660156,3951320000
3/4/10,7173.069824,3945010000
3/5/10,7291.310059,4133000000
3/8/10,7292.529785,3774680000
3/9/10,7294.02002,5185570000
3/10/10,7327.669922,5469120000
3/11/10,7353.240234,4669060000
3/12/10,7362.850098,4928160000
3/15/10,7350.959961,4164110000
3/16/10,7426.700195,4369770000
3/17/10,7474.129883,4963200000
3/18/10,7443.569824,4234510000
3/19/10,7386.850098,5212410000
3/22/10,7419.02002,4261680000
3/23/10,7478.859863,4411640000
3/24/10,7408.160156,4705750000
3/25/10,7385.600098,5668900000
3/26/10,7403.580078,4708420000
3/29/10,7464.899902,4375580000
3/30/10,7460.720215,4085000000
3/31/10,7447.799805,4484340000
4/1/10,7539.049805,4006870000
4/5/10,7600.930176,3881620000
4/6/10,7604.439941,4086180000
4/7/10,7546.180176,5101430000
4/8/10,7565.330078,4726970000
4/9/10,7629.049805,4511570000
4/12/10,7641.75,4607090000
4/13/10,7638.350098,5403580000
4/14/10,7728.959961,5760040000
4/15/10,7719.660156,5995330000
4/16/10,7584.620117,8108470000
4/19/10,7596.560059,6597740000
4/20/10,7669.109863,5316590000
4/21/10,7644.669922,5724310000
4/22/10,7642.830078,6035780000
4/23/10,7701.609863,5326060000
4/26/10,7677.649902,5647760000
4/27/10,7463.089844,7454540000
4/28/10,7499.720215,6342310000
4/29/10,7589.290039,6059410000
4/30/10,7474.399902,6048260000
5/3/10,7543.120117,4938050000
5/4/10,7337.25,6594720000
5/5/10,7258.02002,6795940000
5/6/10,7011.919922,10617810000
5/7/10,6916.180176,9472910000
5/10/10,7257.620117,6893700000
5/11/10,7221.660156,5842550000
5/12/10,7316.359863,5225460000
5/13/10,7234.370117,4870640000
5/14/10,7077.640137,6126400000
5/17/10,7063.830078,5922920000
5/18/10,6959.209961,6170840000
5/19/10,6927.209961,6765800000
5/20/10,6653,8328570000
5/21/10,6775.450195,5452130000
5/24/10,6666.740234,5224040000
5/25/10,6665.830078,7329580000
5/26/10,6631.359863,4521050000
5/27/10,6893.290039,5698460000
5/28/10,6791.569824,4871210000
6/1/10,6661.100098,5271480000
6/2/10,6839.609863,5026360000
6/3/10,6860.390137,4995970000
6/4/10,6600.27002,6180580000
6/7/10,6512.419922,5467560000
6/8/10,6596.120117,6192750000
6/9/10,6559.709961,5983200000
6/10/10,6783.509766,5144780000
6/11/10,6814.759766,4059280000
6/14/10,6817.970215,4425830000
6/15/10,6989.879883,4644490000
6/16/10,6976.080078,5002600000
6/17/10,6982.040039,4557760000
6/18/10,6988.25,4555360000
6/21/10,6978.859863,4514360000
6/22/10,6858.950195,4514380000
6/23/10,6850.049805,4526150000
6/24/10,6730.240234,4814830000
6/25/10,6763.930176,5128840000
6/28/10,6736.600098,3896410000
6/29/10,6520.089844,6136700000
6/30/10,6469.649902,5067080000
7/1/10,6462.029785,6435770000
7/2/10,6434.810059,3968500000
7/6/10,6486.089844,4691240000
7/7/10,6685.779785,4931220000
7/8/10,6755.810059,4548460000
7/9/10,6808.709961,3506570000
7/12/10,6794.47998,3426990000
7/13/10,6907.779785,4640460000
7/14/10,6903.359863,4521050000
7/15/10,6916.810059,4552470000
7/16/10,6709.509766,5297350000
7/19/10,6739.640137,4089500000
7/20/10,6820.040039,4713280000
7/21/10,6731.160156,4747180000
7/22/10,6901.910156,4826900000
7/23/10,6965.109863,4524570000
7/26/10,7046,4009650000
7/27/10,7044.990234,4725690000
7/28/10,6999.180176,4002390000
7/29/10,6994.569824,4612420000
7/30/10,6998.990234,4006450000
8/2/10,7174.899902,4144180000
8/3/10,7146.990234,4071820000
8/4/10,7182.140137,4057850000
8/5/10,7174.27002,3685560000
8/6/10,7153.720215,3857890000
8/9/10,7188.299805,3979360000
8/10/10,7139.75,3979360000
8/11/10,6902.709961,4511860000
8/12/10,6881.939941,4521050000
8/13/10,6861.040039,3328890000
8/16/10,6871.580078,3142450000
8/17/10,6959.790039,3968210000
8/18/10,6968.080078,3724260000
8/19/10,6850.450195,4290540000
8/20/10,6813.149902,3761570000
8/23/10,6784.970215,3210950000
8/24/10,6681.029785,4436330000
8/25/10,6696.120117,4360190000
8/26/10,6665.259766,3646710000
8/27/10,6794.910156,4102460000
8/30/10,6695.279785,2917990000
8/31/10,6704.149902,4038770000
9/1/10,6910.97998,4396880000
9/2/10,6966.25,3704210000
9/3/10,7055.029785,3534500000
9/7/10,6959.939941,3107380000
9/8/10,6999.939941,3224640000
9/9/10,7034.370117,3387770000
9/10/10,7067.509766,0
9/13/10,7156.180176,4521050000
9/14/10,7162.080078,4521050000
9/15/10,7179.790039,3369840000
9/16/10,7169.47998,3364080000
9/17/10,7154.649902,4086140000
9/20/10,7266.02002,3364080000
9/21/10,7245.950195,4175660000
9/22/10,7210.850098,3911070000
9/23/10,7141.509766,3847850000
9/24/10,7301.040039,4123950000
9/27/10,7263.370117,3587860000
9/28/10,7310.319824,4025840000
9/29/10,7299.310059,3990280000
9/30/10,7281.069824,4284160000
10/1/10,7335.910156,4298910000
10/4/10,7272.529785,3604110000
10/5/10,7434.180176,4068840000
10/6/10,7448.330078,4073160000
10/7/10,7425.009766,3910550000
10/8/10,7478.419922,3871420000
10/11/10,7479.009766,3118110000
10/12/10,7489.620117,4076170000
10/13/10,7561.5,4969410000
10/14/10,7546.589844,4969410000
10/15/10,7520.600098,5724910000
10/18/10,7571.100098,4450050000
10/19/10,7423.649902,5600120000
10/20/10,7523.810059,5027880000
10/21/10,7515.669922,4625470000
10/22/10,7522.910156,3177890000
10/25/10,7546.379883,4221380000
10/26/10,7530.799805,4203680000
10/27/10,7480.870117,4335670000
10/28/10,7504.850098,4283460000
10/29/10,7513.350098,3537880000
11/1/10,7509.209961,4129180000
11/2/10,7582.140137,3866200000
11/3/10,7608.410156,4665480000
11/4/10,7782.430176,5695470000
11/5/10,7800.660156,5637460000
11/8/10,7782.200195,3937230000
11/9/10,7702.310059,4848040000
11/10/10,7747.459961,4561300000
11/11/10,7723.240234,3931120000
11/12/10,7623.240234,4213620000
11/15/10,7617.509766,3503370000
11/16/10,7472.629883,5116380000
11/17/10,7488.759766,3904780000
11/18/10,7619.939941,4687260000
11/19/10,7641.080078,3675390000
11/22/10,7610.299805,3689500000
11/23/10,7470.77002,4133070000
11/24/10,7579.259766,3384250000
11/26/10,7500.540039,1613820000
11/29/10,7483.339844,3673450000
11/30/10,7430.939941,4284700000
12/1/10,7603.72998,4548110000
12/2/10,7712.25,4970800000
12/3/10,7751.580078,3735780000
12/6/10,7740.689941,3527370000
12/7/10,7739.640137,6970630000
12/8/10,7750.319824,4607590000
12/9/10,7782.140137,4522510000
12/10/10,7823.299805,4547310000
12/13/10,7850.02002,4361240000
12/14/10,7855.220215,4132350000
12/15/10,7798.779785,4407340000
12/16/10,7840.240234,4736820000
12/17/10,7835.310059,4632470000
12/20/10,7846.959961,3548140000
12/21/10,7906.100098,3479670000
12/22/10,7931.759766,0
12/23/10,7925.359863,2515020000
12/27/10,7920.939941,1992470000
12/28/10,7931.669922,2478450000
12/29/10,7961.47998,2214380000
12/30/10,7951.910156,1970720000
12/31/10,7964.02002,1799770000
1/3/11,8043.970215,4286670000
1/4/11,8022.180176,4796420000
1/5/11,8040.040039,4764920000
1/6/11,8000.899902,4844100000
1/7/11,7980.319824,4963110000
1/10/11,7966.089844,4036450000
1/11/11,8018.680176,4050750000
1/12/11,8122.97998,4226940000
1/13/11,8119.430176,4310840000
1/14/11,8174.120117,4661590000
1/18/11,8190.910156,5284990000
1/19/11,8104.919922,4743710000
1/20/11,8076.720215,4935320000
1/21/11,8105.75,4935320000
1/24/11,8157.419922,3902470000
1/25/11,8141.129883,4595380000
1/26/11,8193.639648,4730980000
1/27/11,8207.05957,4309190000
1/28/11,8062.640137,5618630000
1/31/11,8139.160156,4167160000
2/1/11,8290.089844,5164500000
2/2/11,8272.570313,4098260000
2/3/11,8289.049805,4370990000
2/4/11,8288.5,3925950000
2/7/11,8336.639648,3902270000
2/8/11,8379.849609,3881530000
2/9/11,8343.990234,3922240000
2/10/11,8337.129883,4184610000
2/11/11,8374.889648,4219300000
2/14/11,8405.150391,3567040000
2/15/11,8383.669922,3926860000
2/16/11,8453.759766,1966450000
2/17/11,8497.410156,1966450000
2/18/11,8507.900391,1162310000
2/22/11,8325.860352,1322780000
2/23/11,8292.919922,1330340000
2/24/11,8276.290039,1222900000
2/25/11,8378.040039,3836030000
2/28/11,8438.549805,1252850000
3/1/11,8315.849609,1180420000
3/2/11,8338.759766,1025000000
3/3/11,8465.450195,4340470000
3/4/11,8413.049805,4223740000
3/7/11,8337.019531,3964730000
3/8/11,8394.040039,4531420000
3/9/11,8379.44043,3709520000
3/10/11,8200.070313,4723020000
3/11/11,8248.530273,3740400000
3/14/11,8193.959961,4050370000
3/15/11,8092.109863,5201400000
3/16/11,7929.870117,5833000000
3/17/11,8064.859863,4134950000
3/18/11,8116.399902,4685500000
3/21/11,8256.360352,4223730000
3/22/11,8228.410156,3576550000
3/23/11,8248.830078,3842350000
3/24/11,8311.610352,4223740000
3/25/11,8321.780273,4223740000
3/28/11,8296.519531,3215170000
3/29/11,8345.379883,3482580000
3/30/11,8416.69043,3809570000
3/31/11,8404.980469,3566270000
4/1/11,8469.339844,4223740000
4/4/11,8482.410156,4223740000
4/5/11,8488.389648,3852280000
4/6/11,8508.230469,4223740000
4/7/11,8489.330078,4005600000
4/8/11,8483.94043,3582810000
4/11/11,8445.769531,3478970000
4/12/11,8360.459961,4275490000
4/13/11,8367.30957,3850860000
4/14/11,8374.160156,3872630000
4/15/11,8400.30957,4223740000
4/18/11,8277.110352,4223740000
4/19/11,8332.030273,3886300000
4/20/11,8457.650391,4236280000
4/21/11,8504.360352,3587240000
4/25/11,8485.25,2142130000
4/26/11,8554.990234,3908060000
4/27/11,8609.280273,4051570000
4/28/11,8639.730469,4036820000
4/29/11,8671.410156,3479070000
5/2/11,8649.610352,3846250000
5/3/11,8584.679688,4223740000
5/4/11,8506.610352,4223740000
5/5/11,8397.400391,3846250000
5/6/11,8425.900391,4223740000
5/9/11,8478.19043,4265250000
5/10/11,8550.490234,4223740000
5/11/11,8428.089844,3846250000
5/12/11,8456.179688,3777210000
5/13/11,8371.669922,3426660000
5/16/11,8336.589844,3846250000
5/17/11,8333.070313,4053970000
5/18/11,8407.480469,3922030000
5/19/11,8427.950195,3626110000
5/20/11,8357.530273,4066020000
5/23/11,8236.549805,3255580000
5/24/11,8252.459961,3846250000
5/25/11,8295.370117,4109670000
5/26/11,8341.660156,3259470000
5/27/11,8386.339844,3124560000
5/31/11,8477.280273,4696240000
6/1/11,8281.589844,4241090000
6/2/11,8277.759766,3762170000
6/3/11,8222.150391,3505030000
6/6/11,8115.870117,3555980000
6/7/11,8131.689941,3846250000
6/8/11,8081.350098,3970810000
6/9/11,8149.649902,3332510000
6/10/11,8016.390137,3846250000
6/13/11,8017.060059,4132520000
6/14/11,8132.77002,3500280000
6/15/11,7967.810059,4070500000
6/16/11,7963.600098,3846250000
6/17/11,8000.109863,4916460000
6/20/11,8032.220215,3464660000
6/21/11,8156.27002,4056150000
6/22/11,8101.839844,3718420000
6/23/11,8054.080078,4983450000
6/24/11,7974.720215,3665340000
6/27/11,8031.080078,3479070000
6/28/11,8135.97998,3681500000
6/29/11,8228.5,4347540000
6/30/11,8319.099609,4200500000
7/1/11,8425.480469,3796930000
7/5/11,8404.629883,3722320000
7/6/11,8396.480469,3564190000
7/7/11,8476.129883,4069530000
7/8/11,8410.19043,3594360000
7/11/11,8228.730469,3879130000
7/12/11,8192.75,4227890000
7/13/11,8246.799805,4060080000
7/14/11,8191.129883,4358570000
7/15/11,8227.040039,4242760000
7/18/11,8135.529785,4118160000
7/19/11,8254.379883,4304600000
7/20/11,8281.830078,3767420000
7/21/11,8411.450195,4837430000
7/22/11,8408.200195,3522830000
7/25/11,8357.570313,3536890000
7/26/11,8331.669922,4007050000
7/27/11,8153.209961,3479040000
7/28/11,8124.029785,4951800000
7/29/11,8079.439941,5061190000
8/1/11,8040.930176,4967390000
8/2/11,7831.97998,5206290000
8/3/11,7853.200195,6446940000
8/4/11,7428.399902,4266530000
8/5/11,7419.069824,5454590000
8/8/11,6895.970215,2615150000
8/9/11,7258.040039,2366660000
8/10/11,7101.240234,5018070000
8/11/11,7257.580078,3685050000
8/12/11,7303.879883,5640380000
8/15/11,7482.709961,4272850000
8/16/11,7394.490234,5071600000
8/17/11,7418.939941,4388340000
8/18/11,7079.410156,3234810000
8/19/11,6970.100098,5167560000
8/22/11,6980.620117,5436260000
8/23/11,7209.589844,5013170000
8/24/11,7273.129883,5315310000
8/25/11,7149.669922,5748420000
8/26/11,7245.819824,5035320000
8/29/11,7450.299805,4228070000
8/30/11,7464,4572570000
8/31/11,7528.390137,5267840000
9/1/11,7443.459961,4780410000
9/2/11,7250.72998,4401740000
9/6/11,7148.129883,5103980000
9/7/11,7355.169922,4441040000
9/8/11,7257.359863,4465170000
9/9/11,7045.009766,4586370000
9/12/11,7047.120117,5168550000
9/13/11,7109.950195,4681370000
9/14/11,7199.120117,4986740000
9/15/11,7329.100098,4479730000
9/16/11,7348.180176,5248890000
9/19/11,7234.629883,4254190000
9/20/11,7217.109863,4315610000
9/21/11,6981.330078,4728550000
9/22/11,6726.620117,6703140000
9/23/11,6770.72998,5639930000
9/26/11,6940.810059,4762830000
9/27/11,7043.120117,5548130000
9/28/11,6876.939941,4787920000
9/29/11,6974.910156,5285740000
9/30/11,6791.649902,4416790000
10/3/11,6571.450195,5670340000
10/4/11,6722.97998,3714670000
10/5/11,6844.160156,2510620000
10/6/11,6997.640137,5098330000
10/7/11,6925.799805,5580380000
10/10/11,7173.450195,4446800000
10/11/11,7161.259766,4424500000
10/12/11,7263.689941,5355360000
10/13/11,7229.080078,4436270000
10/14/11,7350.459961,4116690000
10/17/11,7188.660156,4300700000
10/18/11,7341.72998,4840170000
10/19/11,7240.259766,4846390000
10/20/11,7273.899902,4870290000
10/21/11,7431.100098,4980770000
10/24/11,7547.629883,4309380000
10/25/11,7400.819824,4473970000
10/26/11,7506.149902,4873530000
10/27/11,7813.990234,6367610000
10/28/11,7803.939941,4536690000
10/31/11,7563.379883,4310210000
11/1/11,7337.149902,5645540000
11/2/11,7461.100098,4110530000
11/3/11,7605.140137,4849140000
11/4/11,7552.22998,3830650000
11/7/11,7590.430176,3429740000
11/8/11,7671.910156,3908490000
11/9/11,7353.450195,4659740000
11/10/11,7423.640137,4002760000
11/11/11,7576.180176,3370180000
11/14/11,7493.290039,3219680000
11/15/11,7509.049805,3599300000
11/16/11,7392.02002,4085010000
11/17/11,7274.160156,4596450000
11/18/11,7282.470215,3827610000
11/21/11,7134.470215,4050070000
11/22/11,7094.890137,3911710000
11/23/11,6919.919922,3798940000
11/25/11,6898.180176,1664200000
11/28/11,7120.549805,3920750000
11/29/11,7149.709961,3992650000
11/30/11,7484.5,5801910000
12/1/11,7450.430176,3818680000
12/2/11,7453.549805,4144310000
12/5/11,7531.009766,4148060000
12/6/11,7539.319824,3734230000
12/7/11,7559.709961,4160540000
12/8/11,7369.52002,4298370000
12/9/11,7502.879883,3830610000
12/12/11,7363.490234,0
12/13/11,7277.620117,4121570000
12/14/11,7184.75,4298290000
12/15/11,7217.120117,3810340000
12/16/11,7237.660156,5345800000
12/19/11,7142.450195,3659820000
12/20/11,7360.970215,4055590000
12/21/11,7388.52002,3582780000
12/22/11,7460.75,3492250000
12/23/11,7518.660156,2233830000
12/27/11,7508.370117,2130590000
12/28/11,7396.990234,2349980000
12/29/11,7485.629883,2278130000
12/30/11,7477.029785,2271850000
1/3/12,7624.319824,3943710000
1/4/12,7612.149902,3592580000
1/5/12,7599.970215,4315950000
1/6/12,7557.680176,3656830000
1/9/12,7584.660156,3371600000
1/10/12,7668.899902,4221960000
1/11/12,7661.97998,3968120000
1/12/12,7681.259766,4019890000
1/13/12,7632.029785,3692370000
1/17/12,7670.470215,4010490000
1/18/12,7766.950195,4096160000
1/19/12,7819.359863,4465890000
1/20/12,7829.339844,3912620000
1/23/12,7855.52002,3770910000
1/24/12,7840.649902,3693560000
1/25/12,7914.810059,4410910000
1/26/12,7883.899902,4522070000
1/27/12,7876.609863,4007380000
1/30/12,7834.399902,3659010000
1/31/12,7838.47998,4235550000
2/1/12,7931.430176,4504360000
2/2/12,7945.430176,4120920000
2/3/12,8060.430176,4608550000
2/6/12,8048.040039,3379700000
2/7/12,8069.700195,3742460000
2/8/12,8082.97998,4096730000
2/9/12,8081.25,4209890000
2/10/12,7992.049805,3877580000
2/13/12,8056.22998,3618040000
2/14/12,8029.609863,3889520000
2/15/12,7998.649902,4080340000
2/16/12,8092.189941,4108880000
2/17/12,8114.509766,3717640000
2/21/12,8115.419922,3795200000
2/22/12,8094.390137,3633710000
2/23/12,8136.149902,3786450000
2/24/12,8151.970215,3505360000
2/27/12,8143.560059,3648890000
2/28/12,8171.540039,3579120000
2/29/12,8113.240234,4482370000
3/1/12,8175.109863,3919240000
3/2/12,8125.169922,3283490000
3/5/12,8091.279785,3429480000
3/6/12,7920.350098,4191060000
3/7/12,7979.779785,3580380000
3/8/12,8082.47998,3543060000
3/9/12,8102.100098,3639470000
3/12/12,8086.279785,3081870000
3/13/12,8234.480469,4386470000
3/14/12,8185.27002,4502280000
3/15/12,8246.719727,4271650000
3/16/12,8270.400391,5163950000
3/19/12,8297.469727,3932570000
3/20/12,8241.269531,3695280000
3/21/12,8219.339844,3573590000
3/22/12,8141.319824,3740590000
3/23/12,8180.049805,3472950000
3/26/12,8288.780273,3576950000
3/27/12,8239.330078,3513640000
3/28/12,8188.350098,3892800000
3/29/12,8166.370117,3832000000
3/30/12,8206.929688,3676890000
4/2/12,8281.120117,3572010000
4/3/12,8216.540039,3822090000
4/4/12,8106.830078,3938290000
4/5/12,8081.350098,3303740000
4/9/12,7992.310059,3468980000
4/10/12,7841.910156,4631730000
4/11/12,7912.850098,3743040000
4/12/12,8039.950195,3618280000
4/13/12,7931.089844,3631160000
4/16/12,7949.560059,3574780000
4/17/12,8064.040039,3456200000
4/18/12,8030.370117,3463140000
4/19/12,7995.910156,4180020000
4/20/12,8025.439941,3833320000
4/23/12,7940.740234,3654860000
4/24/12,7988.009766,3617100000
4/25/12,8070.790039,3998430000
4/26/12,8123.069824,4034700000
4/27/12,8151.910156,3645830000
4/30/12,8119.060059,3574010000
5/1/12,8164.040039,3807950000
5/2/12,8124.319824,3803860000
5/3/12,8049.890137,4004910000
5/4/12,7933.290039,3975140000
5/7/12,7948.77002,3559390000
5/8/12,7887.259766,4261670000
5/9/12,7820.25,4288540000
5/10/12,7852.75,3727990000
5/11/12,7815.879883,3869070000
5/14/12,7705.439941,3688120000
5/15/12,7635.810059,4114040000
5/16/12,7592.819824,4280420000
5/17/12,7480.419922,4664280000
5/18/12,7427.740234,4512470000
5/21/12,7542.97998,3786750000
5/22/12,7542.580078,4123680000
5/23/12,7540.899902,4108330000
5/24/12,7552.339844,3937670000
5/25/12,7534.330078,2872660000
5/29/12,7615.029785,3441640000
5/30/12,7471.399902,3534290000
5/31/12,7463.959961,4557620000
6/1/12,7292.22998,0
6/4/12,7285.529785,4011960000
6/5/12,7338.620117,3403230000
6/6/12,7517.459961,4268360000
6/7/12,7519.830078,4258140000
6/8/12,7553.77002,3497190000
6/11/12,7459.290039,3537530000
6/12/12,7557.819824,3442920000
6/13/12,7506.419922,3506510000
6/14/12,7582.819824,3687720000
6/15/12,7664.259766,4401570000
6/18/12,7662.290039,3259430000
6/19/12,7766.259766,3815350000
6/20/12,7757.919922,3695700000
6/21/12,7566.109863,4094470000
6/22/12,7616.589844,5271490000
6/25/12,7491.870117,3501820000
6/26/12,7527.080078,3412940000
6/27/12,7598.049805,3286910000
6/28/12,7597.5,3969370000
6/29/12,7801.839844,4590480000
7/2/12,7832.149902,3301650000
7/3/12,7901.669922,2116390000
7/5/12,7837.77002,3041520000
7/6/12,7756.609863,2745140000
7/9/12,7736.399902,2904860000
7/10/12,7667.569824,3470600000
7/11/12,7685.319824,3426290000
7/12/12,7638.649902,3654440000
7/13/12,7758.299805,3212930000
7/16/12,7743.02002,2862720000
7/17/12,7794.77002,3566680000
7/18/12,7831.089844,3642630000
7/19/12,7849.75,4043360000
7/20/12,7759.589844,3925020000
7/23/12,7670.540039,3717180000
7/24/12,7590.609863,3891290000
7/25/12,7607.569824,3719170000
7/26/12,7754.509766,4429300000
7/27/12,7912.160156,4399010000
7/30/12,7911.040039,3212060000
7/31/12,7863.930176,3821570000
8/1/12,7841.330078,4440920000
8/2/12,7765.600098,4193740000
8/3/12,7939.549805,3751170000
8/6/12,7964.089844,3122050000
8/7/12,8017.709961,3682490000
8/8/12,8018.240234,3221790000
8/9/12,8025,3119610000
8/10/12,8044.759766,2767980000
8/13/12,8018.640137,2499990000
8/14/12,8019.529785,2930900000
8/15/12,8029.009766,2655750000
8/16/12,8089.990234,3114100000
8/17/12,8102.069824,2922990000
8/20/12,8094.330078,2766320000
8/21/12,8082.680176,3282950000
8/22/12,8074.200195,3062690000
8/23/12,8011.439941,3008240000
8/24/12,8047.870117,2598790000
8/27/12,8036.240234,2472500000
8/28/12,8033.850098,2629090000
8/29/12,8031.649902,2571220000
8/30/12,7966.22998,2530280000
8/31/12,8014.930176,2938250000
9/4/12,8002.310059,3200310000
9/5/12,7992.009766,3389110000
9/6/12,8160.560059,3952870000
9/7/12,8234.509766,3717620000
9/10/12,8192.389648,3223670000
9/11/12,8246.139648,3509630000
9/12/12,8267.30957,3641200000
9/13/12,8407.030273,4606550000
9/14/12,8458.870117,5041990000
9/17/12,8408.959961,3482430000
9/18/12,8387.429688,3377390000
9/19/12,8400.480469,3451360000
9/20/12,8372.910156,3382520000
9/21/12,8377.509766,4833870000
9/24/12,8356.55957,3008920000
9/25/12,8274.780273,3739900000
9/26/12,8221.320313,3565380000
9/27/12,8303.740234,3150330000
9/28/12,8251,3509230000
10/1/12,8284.360352,3505080000
10/2/12,8295.110352,3321790000
10/3/12,8297.5,3531640000
10/4/12,8376.330078,3615860000
10/5/12,8384.070313,3172940000
10/8/12,8359.110352,2328720000
10/9/12,8279.110352,3216320000
10/10/12,8229.169922,3225060000
10/11/12,8256.589844,3672540000
10/12/12,8227.080078,3134750000
10/15/12,8293.5,3483810000
10/16/12,8386.469727,3568770000
10/17/12,8446.509766,3655320000
10/18/12,8442.820313,3880030000
10/19/12,8324.139648,3875170000
10/22/12,8329.179688,3216220000
10/23/12,8195.30957,3587670000
10/24/12,8179.259766,3385970000
10/25/12,8211.910156,3512640000
10/26/12,8190.200195,3284910000
10/31/12,8221.400391,3577110000
11/1/12,8311.360352,3929890000
11/2/12,8234.910156,3732480000
11/5/12,8240.25,2921040000
11/6/12,8312.349609,3306970000
11/7/12,8138.799805,4356490000
11/8/12,8050.830078,3779520000
11/9/12,8053.560059,3647350000
11/12/12,8054.040039,2567540000
11/13/12,8023.22998,3455550000
11/14/12,7903.419922,4109510000
11/15/12,7896.879883,3928870000
11/16/12,7931.549805,4045910000
11/19/12,8080.290039,3374800000
11/20/12,8086.410156,3207160000
11/21/12,8112.180176,2667090000
11/23/12,8225.509766,1504960000
11/26/12,8197.570313,2948960000
11/27/12,8150.77002,3323120000
11/28/12,8207.360352,3359250000
11/29/12,8256.070313,3356850000
11/30/12,8260.429688,3966000000
12/3/12,8223.540039,3074280000
12/4/12,8223.870117,3247710000
12/5/12,8264.799805,4253920000
12/6/12,8280.929688,3229700000
12/7/12,8314.299805,3125160000
12/10/12,8322.679688,2999430000
12/11/12,8366.469727,3650230000
12/12/12,8380.879883,3709050000
12/13/12,8338.320313,3349960000
12/14/12,8333.75,3210170000
12/17/12,8407.009766,3455610000
12/18/12,8499.349609,4302240000
12/19/12,8463.820313,3869800000
12/20/12,8516.429688,3686580000
12/21/12,8443.150391,5229160000
12/24/12,8420.549805,1248960000
12/26/12,8395.490234,2285030000
12/27/12,8399.830078,2830180000
12/28/12,8316.160156,2426680000
12/31/12,8443.509766,3204330000
1/2/13,8632.009766,4202600000
1/3/13,8607.790039,3829730000
1/4/13,8667.679688,3424290000
1/7/13,8636.910156,3304970000
1/8/13,8604.379883,3601600000
1/9/13,8636.099609,3674390000
1/10/13,8713.75,4081840000
1/11/13,8712.400391,3340650000
1/14/13,8717.44043,3003010000
1/15/13,8733.099609,3135350000
1/16/13,8710.55957,3384080000
1/17/13,8766.540039,3706710000
1/18/13,8792.629883,3795740000
1/22/13,8832.75,3570950000
1/23/13,8828.660156,3552010000
1/24/13,8856.589844,3699430000
1/25/13,8904.530273,3476290000
1/28/13,8880.009766,3388540000
1/29/13,8935.639648,3949640000
1/30/13,8904.30957,3726810000
1/31/13,8894.709961,3999880000
2/1/13,8965.120117,3836320000
2/4/13,8852.790039,3390000000
2/5/13,8920.129883,3618360000
2/6/13,8934.240234,3611570000
2/7/13,8893.740234,3614580000
2/8/13,8935.230469,2986150000
2/11/13,8919.019531,2684100000
2/12/13,8957.610352,3414370000
2/13/13,8955.599609,3385880000
2/14/13,8953.070313,3759740000
2/15/13,8933.219727,3838510000
2/19/13,9004.389648,3748910000
2/20/13,8883.629883,4240570000
2/21/13,8810.290039,4274600000
2/22/13,8894.629883,3419320000
2/25/13,8719.400391,4011050000
2/26/13,8766.169922,3975280000
2/27/13,8875.330078,3551850000
2/28/13,8868.719727,3912320000
3/1/13,8874.19043,3695610000
3/4/13,8901.040039,3414430000
3/5/13,8978.089844,3610690000
3/6/13,8996.969727,3676890000
3/7/13,9013.429688,3634710000
3/8/13,9054.44043,3652260000
3/11/13,9082.240234,3091080000
3/12/13,9059.959961,3274910000
3/13/13,9057.019531,3073830000
3/14/13,9127.959961,3459260000
3/15/13,9116.620117,5175850000
3/18/13,9045.44043,3164560000
3/19/13,9017.660156,3796210000
3/20/13,9081.089844,3349090000
3/21/13,9009.660156,3243270000
3/22/13,9065.780273,2948380000
3/25/13,9022.959961,3178170000
3/26/13,9083.700195,2869260000
3/27/13,9070.44043,2914210000
3/28/13,9107.040039,3304440000
4/1/13,9107.759766,2753110000
4/2/13,9092.889648,3312160000
4/3/13,8983.389648,4060610000
4/4/13,9027.830078,3350670000
4/5/13,9000.240234,3515410000
4/8/13,9051.570313,2887120000
4/9/13,9088.379883,3252780000
4/10/13,9189.080078,3453350000
4/11/13,9234.019531,3393950000
4/12/13,9188.25,3206290000
4/15/13,8953.94043,4660130000
4/16/13,9086.419922,3654700000
4/17/13,8948.349609,4250310000
4/18/13,8921.179688,3890800000
4/19/13,8994.120117,3569870000
4/22/13,9019.900391,2979880000
4/23/13,9113.799805,3565150000
4/24/13,9146.450195,3598240000
4/25/13,9188.860352,3908580000
4/26/13,9169.900391,3198620000
4/29/13,9245.219727,2891200000
4/30/13,9276.879883,3745070000
5/1/13,9175.780273,3530320000
5/2/13,9246.719727,3366950000
5/3/13,9340.459961,3603910000
5/6/13,9348.900391,3062240000
5/7/13,9409.009766,3309580000
5/8/13,9463.320313,3554700000
5/9/13,9409.219727,3457400000
5/10/13,9442.759766,3086470000
5/13/13,9437.169922,2910600000
5/14/13,9515.860352,3457790000
5/15/13,9551.410156,3657440000
5/16/13,9489.30957,3513130000
5/17/13,9576.410156,3440710000
5/20/13,9587.519531,3275080000
5/21/13,9598.269531,3513560000
5/22/13,9508.040039,4361020000
5/23/13,9466.290039,3945510000
5/24/13,9442.230469,2758080000
5/28/13,9494.160156,3457400000
5/29/13,9422.490234,3587140000
5/30/13,9460.049805,3498620000
5/31/13,9302.269531,4099600000
6/3/13,9357.080078,3952070000
6/4/13,9320.080078,3653840000
6/5/13,9178.410156,3632350000
6/6/13,9260.480469,3547380000
6/7/13,9355.410156,3371990000
6/10/13,9358,2978730000
6/11/13,9255.480469,3435710000
6/12/13,9189.429688,3202550000
6/13/13,9331.370117,3378620000
6/14/13,9263.69043,2939400000
6/17/13,9337.889648,3137080000
6/18/13,9399.629883,3120980000
6/19/13,9255.700195,3545060000
6/20/13,8995.969727,4858850000
6/21/13,9018.540039,5797280000
6/24/13,8892.019531,4733660000
6/25/13,8989.259766,3761170000
6/26/13,9067.269531,3558340000
6/27/13,9143.549805,3364540000
6/28/13,9112.69043,4977190000
7/1/13,9167.879883,3104690000
7/2/13,9144.719727,3317130000
7/3/13,9135.089844,1966050000
7/5/13,9214.169922,2634140000
7/8/13,9266.299805,3514590000
7/9/13,9341.400391,3155360000
7/10/13,9340.679688,3011010000
7/11/13,9493.259766,3446340000
7/12/13,9498.5,3039070000
7/15/13,9520.950195,2623200000
7/16/13,9489,3081710000
7/17/13,9523.790039,3153440000
7/18/13,9587.200195,3452370000
7/19/13,9618.5,3302580000
7/22/13,9650.580078,2779130000
7/23/13,9659.629883,3096180000
7/24/13,9605.040039,3336120000
7/25/13,9635.05957,3322500000
7/26/13,9620.129883,2762770000
7/29/13,9571.790039,2840520000
7/30/13,9556.169922,3320530000
7/31/13,9558.830078,3847390000
8/1/13,9673.400391,3775170000
8/2/13,9690.070313,3136630000
8/5/13,9671.599609,2529300000
8/6/13,9614.320313,3141210000
8/7/13,9568.259766,3010230000
8/8/13,9634.700195,3271660000
8/9/13,9622.110352,2957670000
8/12/13,9609.030273,2789160000
8/13/13,9630.570313,3035560000
8/14/13,9593.5,2871430000
8/15/13,9489.290039,3426690000
8/16/13,9465.589844,3211450000
8/19/13,9385.889648,2904530000
8/20/13,9421.55957,2994090000
8/21/13,9339.379883,2932180000
8/22/13,9425.780273,2537460000
8/23/13,9474.769531,2582670000
8/26/13,9432.509766,2430670000
8/27/13,9288.230469,3219190000
8/28/13,9309.070313,2784010000
8/29/13,9315.820313,2527550000
8/30/13,9270.660156,2734300000
9/3/13,9333.490234,3731610000
9/4/13,9400.240234,3312150000
9/5/13,9420.349609,2957110000
9/6/13,9439.69043,3123880000
9/9/13,9539.929688,3102780000
9/10/13,9620.709961,3691800000
9/11/13,9655.379883,3135460000
9/12/13,9607.320313,3106290000
9/13/13,9635.080078,2736500000
9/16/13,9704.490234,3079800000
9/17/13,9738.929688,2774240000
9/18/13,9887.879883,3989760000
9/19/13,9854.759766,3740130000
9/20/13,9769.730469,5074030000
9/23/13,9733.030273,3126950000
9/24/13,9715.209961,3268930000
9/25/13,9698.950195,3148730000
9/26/13,9726.259766,2813930000
9/27/13,9684.169922,2951700000
9/30/13,9621.240234,3308630000
10/1/13,9693.269531,3238690000
10/2/13,9689.290039,3148600000
10/3/13,9619.19043,3279650000
10/4/13,9675.709961,2880270000
10/7/13,9597.540039,2678490000
10/8/13,9483.160156,3569230000
10/9/13,9497.019531,3577840000
10/10/13,9693.969727,3362300000
10/11/13,9761.759766,2944670000
10/14/13,9797.179688,2580580000
10/15/13,9726.620117,3327740000
10/16/13,9845,3486180000
10/17/13,9934.839844,3453590000
10/18/13,9984.629883,3664890000
10/21/13,9982.679688,3052710000
10/22/13,10056.58984,3850840000
10/23/13,9990.330078,3713380000
10/24/13,10029.19043,3671700000
10/25/13,10053.86035,3175720000
10/28/13,10053.86035,3282300000
10/29/13,10108.42969,3358460000
10/30/13,10054.37988,3523040000
10/31/13,10009.63965,3826530000
11/1/13,10018.15039,3686290000
11/4/13,10064.11035,3194870000
11/5/13,10011.91016,3516680000
11/6/13,10059.49023,3322100000
11/7/13,9924.370117,4143200000
11/8/13,10032.13965,3837170000
11/11/13,10042.94043,2534060000
11/12/13,10009.82031,3221030000
11/13/13,10079.88965,3327480000
11/14/13,10130.50977,3139060000
11/15/13,10189.79981,3254820000
11/18/13,10167.15039,3168520000
11/19/13,10135.61035,3224450000
11/20/13,10096.44043,3109140000
11/21/13,10162.40039,3256630000
11/22/13,10205.71973,3055140000
11/25/13,10176.2002,2998540000
11/26/13,10167.88965,3427120000
11/27/13,10182.99023,2613590000
11/29/13,10183.23047,1598300000
12/2/13,10137.01953,3095430000
12/3/13,10086.70996,3475680000
12/4/13,10064.86035,3610540000
12/5/13,10016.74023,3336880000
12/6/13,10131.20996,3150030000
12/9/13,10146.25977,3129500000
12/10/13,10114.66992,3117150000
12/11/13,9991.459961,3472240000
12/12/13,9949.580078,3306640000
12/13/13,9954.839844,3061070000
12/16/13,10024.96973,3209890000
12/17/13,9989.080078,3270030000
12/18/13,10154.2002,4327770000
12/19/13,10151.53027,3497210000
12/20/13,10196.07031,5097700000
12/23/13,10246.66992,2851540000
12/24/13,10284.40039,1307630000
12/26/13,10331.66992,1982270000
12/27/13,10353.21973,2052920000
12/30/13,10357.83984,2293860000
12/31/13,10400.32031,2312840000
1/2/14,10283.41992,3080600000
1/3/14,10296.76953,2774270000
1/6/14,10270.04981,3294850000
1/7/14,10327.33008,3511750000
1/8/14,10320.91016,3652140000
1/9/14,10325.74023,3581150000
1/10/14,10371.12988,3335710000
1/13/14,10256.15039,3591350000
1/14/14,10343.08008,3353270000
1/15/14,10385.38965,3777800000
1/16/14,10376.23047,3491310000
1/17/14,10343.45996,3626120000
1/21/14,10366.00977,3782470000
1/22/14,10368.88965,3374170000
1/23/14,10269.38965,3972250000
1/24/14,10034.44043,4618450000
1/27/14,9981.349609,4045200000
1/28/14,10066.83984,3437830000
1/29/14,9962.919922,3964020000
1/30/14,10048.69043,3547510000
1/31/14,9967.650391,4059690000
2/3/14,9741.580078,4726040000
2/4/14,9816.969727,4068410000
2/5/14,9809.030273,3984290000
2/6/14,9940.219727,3825410000
2/7/14,10055.33984,3775990000
2/10/14,10050.40039,3312160000
2/11/14,10170.37012,3699380000
2/12/14,10173.76953,3326380000
2/13/14,10228.58008,3289510000
2/14/14,10282.53027,3114750000
2/18/14,10319.12012,3421110000
2/19/14,10254.24023,3661570000
2/20/14,10316.88965,3404980000
2/21/14,10306.90039,3403880000
2/24/14,10369.51953,4014530000
2/25/14,10353.78027,3515560000
2/26/14,10349.95996,3716730000
2/27/14,10397.80957,3547460000
2/28/14,10425.86035,3917450000
3/3/14,10329.79004,3428220000
3/4/14,10489.96973,3765770000
3/5/14,10482.83984,3392990000
3/6/14,10525.51953,3360450000
3/7/14,10511.91016,3564740000
3/10/14,10486.15039,3021350000
3/11/14,10425.63965,3392400000
3/12/14,10418.99023,3270860000
3/13/14,10297.74023,3670990000
3/14/14,10285.08008,3285460000
3/17/14,10377.01953,2860490000
3/18/14,10441.4502,2930190000
3/19/14,10359.50977,3289210000
3/20/14,10400.7002,3327540000
3/21/14,10392.21973,5270710000
3/24/14,10362.05957,3409000000
3/25/14,10417.05957,3200560000
3/26/14,10359.36035,3480850000
3/27/14,10373.44043,3733430000
3/28/14,10434.87012,2955520000
3/31/14,10527.76953,3274300000
4/1/14,10584.30957,3336190000
4/2/14,10616.87012,3131660000
4/3/14,10598.48047,3055600000
4/4/14,10517.04981,3583750000
4/7/14,10407.41992,3801540000
4/8/14,10452.00977,3721450000
4/9/14,10554.94043,3308650000
4/10/14,10366.80957,3758780000
4/11/14,10280.94043,3743460000
4/14/14,10359.41992,3111540000
4/15/14,10401.98047,3736440000
4/16/14,10505.79004,3155080000
4/17/14,10532.83008,3341430000
4/21/14,10559.34961,2642500000
4/22/14,10599.01953,3215440000
4/23/14,10581.88965,3085720000
4/24/14,10575.91016,3191830000
4/25/14,10505.00977,3213020000
4/28/14,10526.51953,4034680000
4/29/14,10583.65039,3647820000
4/30/14,10627.16992,3779230000
5/1/14,10629.33984,3416740000
5/2/14,10629.99023,3159560000
5/5/14,10630.13965,2733730000
5/6/14,10568.67969,3327260000
5/7/14,10626.83984,3632950000
5/8/14,10610.65039,3393420000
5/9/14,10606.69043,3025020000
5/12/14,10703.5,3005740000
5/13/14,10702.86035,2915680000
5/14/14,10656.12012,2822060000
5/15/14,10568.37012,3552640000
5/16/14,10603.17969,3173650000
5/19/14,10618.63965,2664250000
5/20/14,10541.9502,3007700000
5/21/14,10620.44043,2777140000
5/22/14,10644.51953,2759800000
5/23/14,10681.87012,2396280000
5/27/14,10720.62012,2911020000
5/28/14,10702.73047,2976450000
5/29/14,10752.11035,2709050000
5/30/14,10756.30957,3263490000
6/2/14,10772.00977,2509020000
6/3/14,10770.33008,2867180000
6/4/14,10776.78027,2793920000
6/5/14,10847.69043,3113270000
6/6/14,10904.21973,2864300000
6/9/14,10918.62012,2812180000
6/10/14,10914.2002,2702360000
6/11/14,10872.69043,2710620000
6/12/14,10825.03027,3040480000
6/13/14,10856.21973,2598230000
6/16/14,10863.21973,2926130000
6/17/14,10886.00977,2971260000
6/18/14,10975.54004,3065220000
6/19/14,11003.08008,2952150000
6/20/14,11018.11035,4336240000
6/23/14,11014.08984,2717630000
6/24/14,10921.99023,3089700000
6/25/14,10962.87012,3106710000
6/26/14,10949.4502,2778840000
6/27/14,10974.42969,4290590000
6/30/14,10979.41992,3037350000
7/1/14,11046.61035,3188240000
7/2/14,11050.33984,2851480000
7/3/14,11104.71973,1998090000
7/7/14,11035.80957,2681260000
7/8/14,10963.16016,3302430000
7/9/14,11005.5,2858800000
7/10/14,10941.33984,3165690000
7/11/14,10936.34961,2684630000
7/14/14,10991.46973,2744920000
7/15/14,10965.62988,3328740000
7/16/14,11017.87012,3390950000
7/17/14,10890.44043,3381680000
7/18/14,10985.91992,3106060000
7/21/14,10957.66992,2611160000
7/22/14,11016.24023,2890480000
7/23/14,11023.90039,2869720000
7/24/14,11038.55957,3203530000
7/25/14,10985.80957,2638960000
7/28/14,10987.24023,2803320000
7/29/14,10936.7002,3183300000
7/30/14,10929.79004,3448250000
7/31/14,10726.42969,4193000000
8/1/14,10692.16992,3789660000
8/4/14,10766.67969,3072920000
8/5/14,10657.32031,3462520000
8/6/14,10653.41992,3539150000
8/7/14,10583.79004,3230520000
8/8/14,10691.09961,2902280000
8/11/14,10722.79004,2784890000
8/12/14,10705.78027,2611700000
8/13/14,10756.17969,2718020000
8/14/14,10802.62988,2609460000
8/15/14,10796.04004,3023380000
8/18/14,10886.50977,2638160000
8/19/14,10929.66016,2656430000
8/20/14,10949.48047,2579560000
8/21/14,10982.83008,2638920000
8/22/14,10947.33008,2301860000
8/25/14,11005.36035,2233880000
8/26/14,11025.37012,2451950000
8/27/14,11037.88965,2344350000
8/28/14,11009.7002,2282400000
8/29/14,11046.29004,2259130000
9/2/14,11038.12012,2819980000
9/3/14,11063.54981,2809980000
9/4/14,11030.40039,3072410000
9/5/14,11073.41016,2818300000
9/8/14,11007.38965,2789090000
9/9/14,10945.61035,2882830000
9/10/14,10972.20996,2912430000
9/11/14,10975.99023,2941690000
9/12/14,10911.38965,3206570000
9/15/14,10909.30957,2776530000
9/16/14,10980.13965,3160310000
9/17/14,10973.74023,3209420000
9/18/14,11024.05957,3235340000
9/19/14,10989.57031,4880220000
9/22/14,10892.63965,3349670000
9/23/14,10815.41992,3279350000
9/24/14,10885.59961,3313850000
9/25/14,10722.20996,3273050000
9/26/14,10798.87988,2929440000
9/29/14,10749.04981,3094440000
9/30/14,10702.92969,3951100000
10/1/14,10571.54981,4188590000
10/2/14,10555.70996,4012510000
10/3/14,10635.49023,3560970000
10/6/14,10647.50977,3358220000
10/7/14,10484.54981,3687870000
10/8/14,10645.66992,4441890000
10/9/14,10409.37988,4324020000
10/10/14,10293.13965,4550540000
10/13/14,10166.74023,4352580000
10/14/14,10185.91016,4812010000
10/15/14,10109.69043,6090800000
10/16/14,10123.73047,5073150000
10/17/14,10250.54004,4482120000
10/20/14,10327.33984,3331210000
10/21/14,10500.78027,3987090000
10/22/14,10405.80957,3761930000
10/23/14,10519.28027,3789250000
10/24/14,10582.62012,3078380000
10/27/14,10544.41992,3538860000
10/28/14,10677.87988,3653260000
10/29/14,10646.66016,3740350000
10/30/14,10712.19043,3586150000
10/31/14,10845,4292290000
11/3/14,10808.66992,3555440000
11/4/14,10758.07031,3956260000
11/5/14,10824.07031,3766590000
11/6/14,10843.54004,3669770000
11/7/14,10864.58008,3704280000
11/10/14,10892.55957,3284940000
11/11/14,10907.53027,2958320000
11/12/14,10884.03027,3246650000
11/13/14,10868.91992,3455270000
11/14/14,10880.62988,3227130000
11/17/14,10883.25,3152890000
11/18/14,10941.7002,3416190000
11/19/14,10927.48047,3390850000
11/20/14,10937.96973,3128290000
11/21/14,11025.74023,3916420000
11/24/14,11041.41992,3128060000
11/25/14,11029.37012,3392940000
11/26/14,11047.91016,2745260000
11/28/14,10955.41016,2504640000
12/1/14,10888.55957,4159010000
12/2/14,10940.12012,3686650000
12/3/14,10987.29981,3612680000
12/4/14,10952.29981,3408340000
12/5/14,10970.25977,3419620000
12/8/14,10863.54004,3800990000
12/9/14,10821.2002,3970150000
12/10/14,10662.24023,4114440000
12/11/14,10690.13965,3917950000
12/12/14,10500.50977,4157650000
12/15/14,10411.17969,4361990000
12/16/14,10390.01953,4958680000
12/17/14,10603.50977,4942370000
12/18/14,10831.62012,4703380000
12/19/14,10890.24023,6465530000
12/22/14,10919.99023,3369520000
12/23/14,10951.75977,3043950000
12/24/14,10955.11035,1416980000
12/26/14,10985.40039,1735230000
12/29/14,10988.00977,2452360000
12/30/14,10932.99023,2440280000
12/31/14,10839.24023,2606070000
1/2/15,10830.91992,2708700000
1/5/15,10607.67969,3799120000
1/6/15,10514.87012,4460110000
1/7/15,10627.12988,3805480000
1/8/15,10800.54004,3934010000
1/9/15,10711.41016,3364140000
1/12/15,10640.74023,3456460000
1/13/15,10622.95996,4107300000
1/14/15,10565.41992,4378680000
1/15/15,10514.59961,4276720000
1/16/15,10660.32031,4056410000
1/20/15,10658.62012,3944340000
1/21/15,10720.40039,3730070000
1/22/15,10859.34961,4176050000
1/23/15,10788.33008,3573560000
1/26/15,10847.15039,3465760000
1/27/15,10781.83008,3329810000
1/28/15,10603.86035,4067530000
1/29/15,10691.62988,4127140000
1/30/15,10537.21973,4568650000
2/2/15,10669.03027,4008330000
2/3/15,10847.41016,4615900000
2/4/15,10775.04004,4141920000
2/5/15,10896.05957,3821990000
2/6/15,10847.50977,4232970000
2/9/15,10826.58984,3549540000
2/10/15,10915.13965,3669850000
2/11/15,10889.04981,3596860000
2/12/15,10995.30957,3788350000
2/13/15,11042.69043,3527450000
2/17/15,11054.46973,3361750000
2/18/15,11064.08984,3370020000
2/19/15,11038.25977,3247100000
2/20/15,11108.66992,3281600000
2/23/15,11074.58008,3093680000
2/24/15,11122.11035,3199840000
2/25/15,11117.92969,3312340000
2/26/15,11082.09961,3408690000
2/27/15,11062.79004,3547380000
3/2/15,11102.82031,3409490000
3/3/15,11051.21973,3262300000
3/4/15,11004.67969,3421110000
3/5/15,11014.25977,3103030000
3/6/15,10842.16992,3853570000
3/9/15,10866.62012,3349090000
3/10/15,10678.41016,3668900000
3/11/15,10678.75977,3406570000
3/12/15,10820.87012,3405860000
3/13/15,10751.01953,3498560000
3/16/15,10881.17969,3295600000
3/17/15,10862.42969,3221840000
3/18/15,11019.71973,4128210000
3/19/15,10931.36035,3305220000
3/20/15,11070.53027,5554120000
3/23/15,11070.88965,3267960000
3/24/15,11019.75,3189820000
3/25/15,10897.50977,3521140000
3/26/15,10865.15039,3510670000
3/27/15,10875.13965,3008550000
3/30/15,10989.16016,2917690000
3/31/15,10899.19043,3376550000
4/1/15,10891.61035,3543270000
4/2/15,10953.16016,3095960000
4/6/15,11033.12012,3302970000
4/7/15,11013.24023,3065510000
4/8/15,11032.99023,3265330000
4/9/15,11065.38965,3172360000
4/10/15,11112.67969,3156200000
4/13/15,11056.75977,2908420000
4/14/15,11108.07031,3301270000
4/15/15,11171.05957,4013760000
4/16/15,11169.75,3434120000
4/17/15,11058.4502,3627600000
4/20/15,11116.57031,3000160000
4/21/15,11100.37988,3243410000
4/22/15,11144.4502,3348480000
4/23/15,11191.48047,3636670000
4/24/15,11192.92969,3375780000
4/27/15,11167.30957,3438750000
4/28/15,11203.08008,3546270000
4/29/15,11154.11035,4074970000
4/30/15,11049.74023,4509680000
5/1/15,11140.36035,3379390000
5/4/15,11173.28027,3091580000
5/5/15,11049.33984,3793950000
5/6/15,11015.99023,3792210000
5/7/15,11036.40039,3676640000
5/8/15,11196.5,3399440000
5/11/15,11140.74023,2992670000
5/12/15,11113.16992,3139520000
5/13/15,11117,3374260000
5/14/15,11207.33008,3225740000
5/15/15,11228.34961,3092080000
5/18/15,11227.88965,2888190000
5/19/15,11213.15039,3296030000
5/20/15,11210.24023,3025880000
5/21/15,11239.66016,3070460000
5/22/15,11197.69043,2571860000
5/26/15,11065.32031,3342130000
5/27/15,11143.34961,3127960000
5/28/15,11132.74023,2980350000
5/29/15,11056.29981,3927390000
6/1/15,11061.67969,3011710000
6/2/15,11080.88965,3049350000
6/3/15,11107.94043,3099980000
6/4/15,11000.38965,3200050000
6/5/15,10979.33008,3243690000
6/8/15,10917.82031,2917150000
6/9/15,10915.63965,3034580000
6/10/15,11057.99023,3414320000
6/11/15,11080.50977,3128600000
6/12/15,11009.91016,2719400000
6/15/15,10949.54004,3061570000
6/16/15,10997.66016,2919900000
6/17/15,11013.66016,3222240000
6/18/15,11100.46973,3499000000
6/19/15,11038.95996,4449810000
6/22/15,11129.61035,3030020000
6/23/15,11149.36035,3091190000
6/24/15,11066.13965,3102480000
6/25/15,11035.73047,3214610000
6/26/15,11040.30957,5025470000
6/29/15,10790.33008,3678960000
6/30/15,10805.2002,4078540000
7/1/15,10858.99023,3727260000
7/2/15,10864.82031,2996540000
7/6/15,10782.67969,3486360000
7/7/15,10829.32031,4458660000
7/8/15,10636.79981,3608780000
7/9/15,10689.50977,3446810000
7/10/15,10853.91992,3065070000
7/13/15,10944.84961,3096730000
7/14/15,10993.25977,3002120000
7/15/15,10958.83008,3261810000
7/16/15,11024.87012,3227080000
7/17/15,10987.16992,3362750000
7/20/15,10969.49023,3245870000
7/21/15,10919,3343690000
7/22/15,10899.86035,3694070000
7/23/15,10840.73047,3772810000
7/24/15,10721.9502,3870040000
7/27/15,10656.61035,3836750000
7/28/15,10790.17969,4117740000
7/29/15,10883.91016,4038900000
7/30/15,10881.75,3579410000
7/31/15,10882.28027,3681340000
8/3/15,10841.25977,3476770000
8/4/15,10824.7002,3546710000
8/5/15,10847.84961,3968680000
8/6/15,10799.44043,4246570000
8/7/15,10763.15039,3602320000
8/10/15,10906.04981,3514460000
8/11/15,10802.08984,3708880000
8/12/15,10779.45996,4269130000
8/13/15,10745.30957,3221300000
8/14/15,10782.24023,2795590000
8/17/15,10818.57031,2867690000
8/18/15,10792.79981,2949990000
8/19/15,10687.01953,3512920000
8/20/15,10475.75,3922470000
8/21/15,10195.69043,5018240000
8/24/15,9789.94043,6612690000
8/25/15,9692.389648,5183560000
8/26/15,9979.669922,5338250000
8/27/15,10230.50977,5006390000
8/28/15,10242.05957,3949080000
8/31/15,10176.5,3915100000
9/1/15,9874.669922,4371850000
9/2/15,10013.36035,3742620000
9/3/15,10049.29004,3520700000
9/4/15,9871.860352,3167090000
9/8/15,10109.67969,3548650000
9/9/15,9988.910156,3652120000
9/10/15,10019.38965,3626320000
9/11/15,10040.21973,3218590000
9/14/15,9988.589844,3000200000
9/15/15,10105.87012,3239860000
9/16/15,10236.71973,3630680000
9/17/15,10215.54004,4183790000
9/18/15,10031.59961,6021240000
9/21/15,10066.07031,3269350000
9/22/15,9912.599609,3808260000
9/23/15,9867.900391,3190530000
9/24/15,9837.80957,4091530000
9/25/15,9857.259766,3721870000
9/28/15,9601.419922,4326660000
9/29/15,9622.070313,4132390000
9/30/15,9799.69043,4525070000
10/1/15,9820.950195,3983600000
10/2/15,9973.55957,4378570000
10/5/15,10167.92969,4334490000
10/6/15,10156.37988,4202400000
10/7/15,10258.51953,4666470000
10/8/15,10361.04004,3939140000
10/9/15,10361.25977,3706900000
10/12/15,10356.49023,2893250000
10/13/15,10262.94043,3401920000
10/14/15,10229.66992,3644590000
10/15/15,10378.26953,3746290000
10/16/15,10421.91016,3595430000
10/19/15,10391.59961,3287320000
10/20/15,10383.41992,3331500000
10/21/15,10306.44043,3627790000
10/22/15,10448.83008,4430850000
10/23/15,10506.50977,4108460000
10/26/15,10464.62012,3385800000
10/27/15,10400.17969,4216880000
10/28/15,10538.2002,4698110000
10/29/15,10498.16016,4008940000
10/30/15,10460.95996,4256200000
11/2/15,10579.87012,3760020000
11/3/15,10609.91992,4272060000
11/4/15,10563.95996,4078870000
11/5/15,10548.36035,4051890000
11/6/15,10513.36035,4369020000
11/9/15,10415.19043,3882350000
11/10/15,10432.34961,3821440000
11/11/15,10399.90039,3692410000
11/12/15,10235.9502,4016370000
11/13/15,10155.07031,4278750000
11/16/15,10299.40039,3741240000
11/17/15,10285.75977,4427350000
11/18/15,10429.59961,3926390000
11/19/15,10431.45996,3628110000
11/20/15,10444.2002,3929600000
11/23/15,10421.41016,3587980000
11/24/15,10449.71973,3884930000
11/25/15,10450.36035,2852940000
11/27/15,10450.53027,1466840000
11/30/15,10409.58984,4275030000
12/1/15,10519.58984,3712120000
12/2/15,10389.2002,3950640000
12/3/15,10257.37988,4306490000
12/4/15,10408.86035,4214910000
12/7/15,10304.53027,4043820000
12/8/15,10198.37012,4173570000
12/9/15,10162.37012,4385250000
12/10/15,10172.04004,3715150000
12/11/15,9976.650391,4301060000
12/14/15,9986.759766,4612440000
12/15/15,10110.94043,4353540000
12/16/15,10267.83008,4635450000
12/17/15,10112.62988,4327390000
12/18/15,9967.639648,6683070000
12/21/15,10023.03027,3760280000
12/22/15,10112.40039,3520860000
12/23/15,10276.28027,3484090000
12/24/15,10258.54981,1411860000
12/28/15,10217.40039,2492510000
12/29/15,10306.59961,2542000000
12/30/15,10225.83008,2367430000
12/31/15,10143.41992,2655330000
1/4/16,10001.55957,4304880000
1/5/16,10028.05957,3706620000
1/6/16,9868.259766,4336660000
1/7/16,9650.419922,5076590000
1/8/16,9528.769531,4664940000
1/11/16,9527.660156,4607290000
1/12/16,9576.519531,4887260000
1/13/16,9374.230469,5087030000
1/14/16,9516.549805,5241110000
1/15/16,9299.629883,5468460000
1/19/16,9301.740234,4928350000
1/20/16,9156.839844,6416070000
1/21/16,9226.570313,5078810000
1/22/16,9426.910156,4901760000
1/25/16,9262.990234,4401380000
1/26/16,9429.110352,4357940000
1/27/16,9373.780273,4754040000
1/28/16,9397.790039,4693010000
1/29/16,9632.700195,5497570000
2/1/16,9616.69043,4322530000
2/2/16,9413.780273,4463190000
2/3/16,9495.209961,5172950000
2/4/16,9534.299805,5193320000
2/5/16,9390.330078,4929940000
2/8/16,9231.330078,5636460000
2/9/16,9187.790039,5183220000
2/10/16,9176.719727,4471170000
2/11/16,9029.879883,5500800000
2/12/16,9229.679688,4696920000
2/16/16,9375.389648,4570670000
2/17/16,9532.280273,5011540000
2/18/16,9504.980469,4436490000
2/19/16,9485.959961,4142850000
2/22/16,9616.320313,4054710000
2/23/16,9494.320313,3890650000
2/24/16,9506.070313,4317250000
2/25/16,9625.269531,4118210000
2/26/16,9619.790039,4348510000
2/29/16,9559.530273,4588180000
3/1/16,9771,4819750000
3/2/16,9837.589844,4666610000
3/3/16,9907.969727,5081700000
3/4/16,9968.410156,6049930000
3/7/16,10006.19043,4968180000
3/8/16,9868.519531,4641650000
3/9/16,9924.80957,4038120000
3/10/16,9918.070313,4376790000
3/11/16,10104.19043,4078620000
3/14/16,10074.26953,3487850000
3/15/16,10013.59961,3560280000
3/16/16,10084.16992,4057020000
3/17/16,10190.40039,4530480000
3/18/16,10223.42969,6503140000
3/21/16,10219.69043,3376600000
3/22/16,10194.2002,3418460000
3/23/16,10099.67969,3639510000
3/24/16,10086.59961,3407720000
3/28/16,10106.44043,2809090000
3/29/16,10190.41016,3822330000
3/30/16,10236.9502,3590310000
3/31/16,10207.37012,3715280000
4/1/16,10219.95996,3749990000
4/4/16,10183,3485710000
4/5/16,10061.08008,4154920000
4/6/16,10159.84961,3750800000
4/7/16,10045.15039,3801250000
4/8/16,10119.69043,3359530000
4/11/16,10114.58008,3567840000
4/12/16,10238.69043,4239740000
4/13/16,10359.50977,4191830000
4/14/16,10360.24023,3765870000
4/15/16,10355.57031,3701450000
4/18/16,10424.92969,3316880000
4/19/16,10517.29981,3896830000
4/20/16,10527.79004,4184880000
4/21/16,10454.82031,4175290000
4/22/16,10511,3790580000
4/25/16,10465.65039,3319740000
4/26/16,10522.58008,3557190000
4/27/16,10571.83008,4100110000
4/28/16,10480.4502,4309840000
4/29/16,10436.91992,4704720000
5/2/16,10496.33008,3841110000
5/3/16,10365.83008,4173390000
5/4/16,10286.24023,4058560000
5/5/16,10281.32031,4008530000
5/6/16,10308.83008,3796350000
5/9/16,10291.58984,3788620000
5/10/16,10424.11035,3600200000
5/11/16,10332.24023,3821980000
5/12/16,10334.37988,0
5/13/16,10228.05957,3579880000
5/16/16,10332.46973,3501360000
5/17/16,10257.61035,4108960000
5/18/16,10239.65039,4101320000
5/19/16,10192.48047,3846770000
5/20/16,10250.49023,3507650000
5/23/16,10226.55957,3055480000
5/24/16,10353.55957,3627340000
5/25/16,10446.58008,3859160000
5/26/16,10439.61035,3230990000
5/27/16,10469.51953,3079150000
5/31/16,10441,4514410000
6/1/16,10454.92969,3525170000
6/2/16,10487.58008,3632720000
6/3/16,10487.94043,3627780000
6/6/16,10554.82031,3442020000
6/7/16,10599.21973,3534730000
6/8/16,10638.36035,3562060000
6/9/16,10589.82031,3290320000
6/10/16,10446.09961,3515010000
6/13/16,10349.16992,3392030000
6/14/16,10294.58984,3759770000
6/15/16,10297.16016,3544720000
6/16/16,10322.83984,3628280000
6/17/16,10347.94043,4952630000
6/20/16,10450.03027,3467440000
6/21/16,10490.78027,3232880000
6/22/16,10473.05957,3168160000
6/23/16,10641.16992,3297940000
6/24/16,10183.50977,7597450000
6/27/16,9973.540039,5431220000
6/28/16,10161.16016,4385810000
6/29/16,10350.53027,4241740000
6/30/16,10489.75977,4622820000
7/1/16,10515.75977,3458890000
7/5/16,10409.54004,3658380000
7/6/16,10441.58008,3909380000
7/7/16,10413.96973,3604550000
7/8/16,10571.78027,3607500000
7/11/16,10627.2002,3253340000
7/12/16,10726.79004,4097820000
7/13/16,10734.2002,3502320000
7/14/16,10786.62988,3465610000
7/15/16,10773.12012,3122600000
7/18/16,10793.16992,3009310000
7/19/16,10758.54004,2968340000
7/20/16,10793.09961,3211860000
7/21/16,10758.62012,3438900000
7/22/16,10805.04004,3023280000
7/25/16,10752.42969,3057240000
7/26/16,10772.99023,3442350000
7/27/16,10739.76953,3995500000
7/28/16,10744.16016,3664240000
7/29/16,10785.50977,4038840000
8/1/16,10730.2002,3505990000
8/2/16,10661.12988,3848750000
8/3/16,10695.13965,3786530000
8/4/16,10707.12988,3709200000
8/5/16,10782.87012,3663070000
8/8/16,10788.00977,3327550000
8/9/16,10804.50977,3334300000
8/10/16,10774.98047,3254950000
8/11/16,10836.15039,3423160000
8/12/16,10822.41016,3000660000
8/15/16,10858.5,3078530000
8/16/16,10809.74023,3196400000
8/17/16,10824.63965,3388910000
8/18/16,10863.00977,3300570000
8/19/16,10829.15039,3084800000
8/22/16,10815.91992,2777550000
8/23/16,10847.49023,3041490000
8/24/16,10791.17969,3148280000
8/25/16,10784.37012,2969310000
8/26/16,10749.33008,3342340000
8/29/16,10811.34961,2654780000
8/30/16,10797.54004,3006800000
8/31/16,10764.75,3766390000
9/1/16,10771.92969,3392120000
9/2/16,10856.91992,3091120000
9/6/16,10890.79004,3447650000
9/7/16,10890.17969,3319420000
9/8/16,10882.33008,3727840000
9/9/16,10613.53027,4233960000
9/12/16,10741.24023,4010480000
9/13/16,10535.36035,4141670000
9/14/16,10511.40039,3664100000
9/15/16,10602.94043,3373720000
9/16/16,10532.26953,5014360000
9/19/16,10564.29981,3163000000
9/20/16,10560.25,3140730000
9/21/16,10708.37012,3712090000
9/22/16,10793.66016,3552830000
9/23/16,10717.99023,3317190000
9/26/16,10624.87988,3216170000
9/27/16,10665.33984,3437770000
9/28/16,10753.4502,3891460000
9/29/16,10643.51953,4249220000
9/30/16,10721.74023,4173340000
10/3/16,10690.76953,3137550000
10/4/16,10629.15039,3750890000
10/5/16,10683.94043,3906550000
10/6/16,10675.74023,3461550000
10/7/16,10626.91992,3619890000
10/10/16,10682.66992,2916550000
10/11/16,10548,3438270000
10/12/16,10560.26953,2977100000
10/13/16,10522.94043,3580450000
10/14/16,10521.29981,3228150000
10/17/16,10492.86035,2830390000
10/18/16,10567.80957,3170000000
10/19/16,10600.91992,3362670000
10/20/16,10597.36035,3337170000
10/21/16,10571.87988,3448850000
10/24/16,10591.29981,3357320000
10/25/16,10550.19043,3751340000
10/26/16,10528.19043,3775200000
10/27/16,10503.05957,4204830000
10/28/16,10476.62012,4019510000
10/31/16,10481.88965,3922400000
11/1/16,10414.04981,4532160000
11/2/16,10334.5,4248580000
11/3/16,10307.63965,3886740000
11/4/16,10289.34961,3837860000
11/7/16,10500.16016,3736060000
11/8/16,10530.55957,3916930000
11/9/16,10643.41016,6264150000
11/10/16,10683.41016,6451640000
11/11/16,10652.24023,4988050000
11/14/16,10679.76953,5367200000
11/15/16,10745.50977,4543860000
11/16/16,10699.42969,3830590000
11/17/16,10740.08008,3809160000
11/18/16,10709.50977,3572400000
11/21/16,10791.83984,3607010000
11/22/16,10820.17969,3957940000
11/23/16,10835.90039,3418640000
11/25/16,10878.08984,1584600000
11/28/16,10808.62988,3505650000
11/29/16,10817.7002,3706560000
11/30/16,10838.45996,5533980000
12/1/16,10828.99023,5063740000
12/2/16,10838.58008,3779500000
12/5/16,10910.90039,3895230000
12/6/16,10970.78027,3855320000
12/7/16,11114.61035,4501820000
12/8/16,11149.95996,4200580000
12/9/16,11191.79004,3884480000
12/12/16,11177.28027,4034510000
12/13/16,11237.16992,3857590000
12/14/16,11098.66992,4406970000
12/15/16,11131.88965,4168200000
12/16/16,11125.21973,5920340000
12/19/16,11128.54004,3248370000
12/20/16,11172.19043,3298780000
12/21/16,11142.57031,2852230000
12/22/16,11114.13965,2876320000
12/23/16,11128.79981,2020550000
12/27/16,11146.40039,1987080000
12/28/16,11058.87988,2392360000
12/29/16,11074.33008,2336370000
12/30/16,11056.90039,2670900000
1/3/17,11154.34961,3770530000
1/4/17,11246.54004,3764890000
1/5/17,11247.69043,3761820000
1/6/17,11237.62012,3339890000
1/9/17,11169.79004,3217610000
1/10/17,11183.33008,3638790000
1/11/17,11226.78027,3620410000
1/12/17,11204.15039,3462130000
1/13/17,11227.16992,3081270000
1/17/17,11196.29004,3584990000
1/18/17,11196.09961,3315250000
1/19/17,11148.84961,3165970000
1/20/17,11192.79004,3524970000
1/23/17,11170.62012,3152710000
1/24/17,11249.28027,3810960000
1/25/17,11339.04981,3846020000
1/26/17,11313.12012,3610360000
1/27/17,11283.19043,3135890000
1/30/17,11205.24023,3591270000
1/31/17,11222.95996,4087450000
2/1/17,11207.24023,3916610000
2/2/17,11215.38965,3807710000
2/3/17,11310.74023,3597970000
2/6/17,11264.11035,3109050000
2/7/17,11243.37988,3448690000
2/8/17,11251.79981,3609740000
2/9/17,11327.67969,3677940000
2/10/17,11377.71973,3475020000
2/13/17,11433.92969,3349730000
2/14/17,11468.87012,3520910000
2/15/17,11514.40039,3775590000
2/16/17,11504.19043,3672370000
2/17/17,11510.91016,3513060000
2/21/17,11578.25,3579780000
2/22/17,11550.17969,3468670000
2/23/17,11556.15039,4015260000
2/24/17,11541.29004,3831570000
2/27/17,11558.34961,3582610000
2/28/17,11512.38965,4210140000
3/1/17,11661.21973,4345180000
3/2/17,11575.91016,3821320000
3/3/17,11598.37012,3555260000
3/6/17,11547.79004,3232700000
3/7/17,11506.32031,3518390000
3/8/17,11448.20996,3812100000
3/9/17,11457.63965,3716340000
3/10/17,11500.75977,3432950000
3/13/17,11519.44043,3133900000
3/14/17,11459.29004,3172630000
3/15/17,11590.30957,3906840000
3/16/17,11600.24023,3365660000
3/17/17,11589.00977,5178040000
3/20/17,11556.92969,3054930000
3/21/17,11420.42969,4265590000
3/22/17,11426.69043,3572730000
3/23/17,11430.88965,3260600000
3/24/17,11418.88965,2975130000
3/27/17,11414.33008,3240230000
3/28/17,11493.83984,3367780000
3/29/17,11496.66992,3106940000
3/30/17,11519.83984,3158420000
3/31/17,11492.84961,3354110000
4/3/17,11463.91016,3416400000
4/4/17,11470.54004,3206240000
4/5/17,11423.36035,3770520000
4/6/17,11457.29004,3201920000
4/7/17,11445.58008,3053150000
4/10/17,11464.33984,2785410000
4/11/17,11473.62012,3117420000
4/12/17,11423.16992,3196950000
4/13/17,11324.53027,3143890000
4/17/17,11427.08008,2824710000
4/18/17,11378.58008,3269840000
4/19/17,11342.41992,3519900000
4/20/17,11426.91016,3647420000
4/21/17,11389.12988,3503360000
4/24/17,11531.79004,3690650000
4/25/17,11603.28027,3995240000
4/26/17,11592.91016,4105920000
4/27/17,11578.51953,4098460000
4/28/17,11536.08008,3718270000
5/1/17,11536.49023,0
5/2/17,11551.29981,3813680000
5/3/17,11529.66016,3893990000
5/4/17,11534.70996,4362540000
5/5/17,11615.61035,3540140000
5/8/17,11595.25977,3429440000
5/9/17,11567.51953,3653590000
5/10/17,11598.99023,3643530000
5/11/17,11563.59961,3727420000
5/12/17,11547.04981,3305630000
5/15/17,11614.23047,3473600000
5/16/17,11606.49023,3420790000
5/17/17,11423.53027,0
5/18/17,11434.05957,4319420000
5/19/17,11542.69043,3825160000
5/22/17,11585.20996,3172830000
5/23/17,11604.62012,3213570000
5/24/17,11621.23047,3389900000
5/25/17,11639.29981,3535390000
5/26/17,11631.87012,2805040000
5/30/17,11601.30957,3203160000
5/31/17,11598.03027,4516110000
6/1/17,11699.79004,0
6/2/17,11718.7002,3461680000
6/5/17,11693.67969,2912600000
6/6/17,11671.45996,3357840000
6/7/17,11667.73047,3572300000
6/8/17,11678.9502,3728860000
6/9/17,11744.73047,4027340000
6/12/17,11746.45996,4027750000
6/13/17,11796.79004,3275500000
6/14/17,11779.80957,3555590000
6/15/17,11740.51953,3353050000
6/16/17,11772.01953,5284720000
6/19/17,11833.33984,3264700000
6/20/17,11738.9502,3416510000
6/21/17,11696.28027,3594820000
6/22/17,11712.51953,3468210000
6/23/17,11733.2002,5278330000
6/26/17,11758.86035,3238970000
6/27/17,11716.91992,3563910000
6/28/17,11812.79981,3500800000
6/29/17,11739.98047,3900280000
6/30/17,11761.7002,3361590000
7/3/17,11835.71973,1962290000
7/5/17,11809.49023,3367220000
7/6/17,11702.42969,3364520000
7/7/17,11752.98047,2901330000
7/10/17,11751.79004,2999130000
7/11/17,11744.76953,3106750000
7/12/17,11825.90039,3171620000
7/13/17,11844.62012,3067670000
7/14/17,11897.30957,2736640000
7/17/17,11890.50977,2793170000
7/18/17,11877.41992,2962130000
7/19/17,11941.33984,3059760000
7/20/17,11944.49023,3182780000
7/21/17,11924.59961,3059570000
7/24/17,11904.70996,3010240000
7/25/17,11965.71973,4108060000
7/26/17,11964.91016,3557020000
7/27/17,11963.23047,3995520000
7/28/17,11954.69043,3294770000
7/31/17,11967.66992,3469210000
8/1/17,12000.01953,3460860000
8/2/17,11979.37012,3478580000
8/3/17,11956.51953,3645020000
8/4/17,11984.88965,3235140000
8/7/17,11987.76953,2931780000
8/8/17,11949.96973,3344640000
8/9/17,11929.45996,3308060000
8/10/17,11771.59961,3621070000
8/11/17,11763.21973,3159930000
8/14/17,11856.05957,2822550000
8/15/17,11843.48047,2913100000
8/16/17,11868.86035,2953650000
8/17/17,11712.71973,3142620000
8/18/17,11699.83008,3415680000
8/21/17,11719.26953,2788150000
8/22/17,11805.29004,2777490000
8/23/17,11785.91992,2785290000
8/24/17,11773.79981,2846590000
8/25/17,11812.03027,2588780000
8/28/17,11800.21973,2677700000
8/29/17,11791.87988,2737580000
8/30/17,11805.07031,2633660000
8/31/17,11875.69043,3348110000
9/1/17,11918.08008,2710730000
9/5/17,11827.15039,3490260000
9/6/17,11872.91992,3374410000
9/7/17,11879.61035,3353930000
9/8/17,11887.98047,3302490000
9/11/17,12010.26953,3291760000
9/12/17,12057.12012,3230920000
9/13/17,12055.17969,3368050000
9/14/17,12062.62012,3414460000
9/15/17,12080.13965,4853170000
9/18/17,12111.4502,3194300000
9/19/17,12131.73047,3249100000
9/20/17,12147.5,3530010000
9/21/17,12133.62988,2930860000
9/22/17,12151.79981,2865960000
9/25/17,12141.55957,3297890000
9/26/17,12127.91992,3043110000
9/27/17,12157.65039,3456030000
9/28/17,12179.30957,3168620000
9/29/17,12209.16016,3211920000
10/2/17,12264.66016,3199730000
10/3/17,12302.87988,3068850000
10/4/17,12304.66992,3017120000
10/5/17,12338.92969,3045120000
10/6/17,12317.69043,2884570000
10/9/17,12293.9502,2483970000
10/10/17,12346.58984,2960500000
10/11/17,12362.05957,2976090000
10/12/17,12338.74023,3151510000
10/13/17,12352,3149440000
10/16/17,12359.51953,2916020000
10/17/17,12349.96973,2889390000
10/18/17,12371.01953,2998090000
10/19/17,12380.32031,2990710000
10/20/17,12430.51953,3384650000
10/23/17,12384.41992,3211710000
10/24/17,12404.99023,3427330000
10/25/17,12336.58008,3874510000
10/26/17,12352.42969,3869050000
10/27/17,12366.42969,3887110000
10/30/17,12319.46973,3658870000
10/31/17,12341.00977,3827230000
11/1/17,12362.87988,3813180000
11/2/17,12372.95996,4048270000
11/3/17,12373.05957,3567710000
11/6/17,12400.92969,3539080000
11/7/17,12371.25,3809650000
11/8/17,12384.71973,3899360000
11/9/17,12339.66016,3831610000
11/10/17,12322.59961,3486910000
11/13/17,12316.82031,3402930000
11/14/17,12280.11035,3641760000
11/15/17,12220.33984,3558890000
11/16/17,12303.28027,3312710000
11/17/17,12302.88965,3300160000
11/20/17,12320.76953,3003540000
11/21/17,12385.88965,3332720000
11/22/17,12390.82031,2762950000
11/24/17,12421.92969,1349780000
11/27/17,12390.78027,3006860000
11/28/17,12520.23047,3488420000
11/29/17,12561.32031,4078280000
11/30/17,12627.79981,4938490000
12/1/17,12614.55957,3942320000
12/4/17,12634.88965,4023150000
12/5/17,12567.16016,3539040000
12/6/17,12532.42969,3229000000
12/7/17,12568.98047,3292400000
12/8/17,12643.05957,3106150000
12/11/17,12668.21973,3091950000
12/12/17,12697.78027,3555680000
12/13/17,12699.48047,3542370000
12/14/17,12629.07031,3430030000
12/15/17,12699.67969,5723920000
12/18/17,12785.82031,3724660000
12/19/17,12747.54004,3368590000
12/20/17,12747.54981,3241030000
12/21/17,12800.20996,3273390000
12/22/17,12797.44043,2399830000
12/26/17,12808.90039,1968780000
12/27/17,12821.99023,2202080000
12/28/17,12853.08984,2153330000
12/29/17,12808.83984,2443490000
1/2/18,12902.71973,3357250000
1/3/18,12957.28027,3538660000
1/4/18,13028.45996,3695260000
1/5/18,13103.23047,3236620000
1/8/18,13114.34961,3242650000
1/9/18,13120.83984,3453480000
1/10/18,13106.59961,3576350000
1/11/18,13210.76953,3641320000
1/12/18,13294.32031,3573970000
1/16/18,13246.86035,4325970000
1/17/18,13352.38965,3778050000
1/18/18,13315.91016,3681470000
1/19/18,13384.45996,3639430000
1/22/18,13470.37012,3471780000
1/23/18,13474.11035,3519650000
1/24/18,13507.66016,4014070000
1/25/18,13512.66016,3835150000
1/26/18,13637.01953,3443230000
1/29/18,13524.65039,3573830000
1/30/18,13375.50977,3990650000
1/31/18,13367.95996,4261280000
2/1/18,13381.96973,3938450000
2/2/18,13085.34961,4301130000
2/5/18,12572.92969,5283460000
2/6/18,12745.4502,5891660000
2/7/18,12687.17969,4626570000
2/8/18,12270.65039,5305440000
2/9/18,12405.82031,5680070000
2/12/18,12560.12012,4055790000
2/13/18,12574.37012,3472870000
2/14/18,12746.71973,4003740000
2/15/18,12856.87012,3684910000
2/16/18,12874.36035,3637460000
2/20/18,12763.33984,3627610000
2/21/18,12695.53027,3779400000
2/22/18,12711.75,3701270000
2/23/18,12884.11035,3189190000
2/26/18,12999.62012,3424650000
2/27/18,12819.21973,3745080000
2/28/18,12652.54981,4230660000
3/1/18,12518.73047,4503970000
3/2/18,12557.99023,3882450000
3/5/18,12680.73047,3710810000
3/6/18,12720.76953,3370690000
3/7/18,12707.00977,3393270000
3/8/18,12745.00977,3212320000
3/9/18,12918.82031,3364100000
3/12/18,12898.40039,3185020000
3/13/18,12831.75,3301650000
3/14/18,12762.66992,3391360000
3/15/18,12743.61035,3500330000
3/16/18,12784.38965,5372340000
3/19/18,12651.45996,3302130000
3/20/18,12663.63965,3261030000
3/21/18,12683.75977,3415510000
3/22/18,12377.38965,3739800000
3/23/18,12177.7002,3815080000
3/26/18,12433.15039,3511100000
3/27/18,12302.54004,3706350000
3/28/18,12308.90039,3864500000
3/29/18,12452.05957,3565990000
4/2/18,12216.70996,3598520000
4/3/18,12367.07031,3392810000
4/4/18,12466.4502,3350340000
4/5/18,12571.94043,3178970000
4/6/18,12349.11035,3299700000
4/9/18,12380.54981,3062960000
4/10/18,12565.96973,3543930000
4/11/18,12514.58984,3020760000
4/12/18,12580.21973,3021320000
4/13/18,12546.04981,2960910000